1H,1,0,0,
2H,1,1,1112.2831,0.0002
3H,1,2,2827.2654,0.0003
3He,2,1,2572.68044,0.00015
3Li,3,0,-2267,667
4H,1,3,1720.4491,25
4He,2,2,7073.9156,0.0002
4Li,3,1,1153.7603,53.033
5H,1,4,1336.3592,17.8885
5He,2,3,5512.1325,4
5Li,3,2,5266.1325,10
5Be,4,1,18,401
6H,1,5,961.6395,42.3545
6He,2,4,4878.5199,0.0089
6Li,3,3,5332.3312,0.0003
6Be,4,2,4487.2478,0.908
6B,5,1,-467,334
7H,1,6,940,143
7He,2,5,4123.0578,1.0799
7Li,3,4,5606.4401,0.0006
7Be,4,3,5371.5487,0.0101
7B,5,2,3558.7055,3.5929
8He,2,6,3924.521,0.0111
8Li,3,5,5159.7124,0.0059
8Be,4,4,7062.4356,0.0044
8B,5,3,4717.1551,0.125
8C,6,2,3101.5242,2.2804
9He,2,7,3349.038,5.2018
9Li,3,6,5037.7685,0.0207
9Be,4,5,6462.6693,0.0085
9B,5,4,6257.0713,0.1003
9C,6,3,4337.4233,0.2374
10He,2,8,2995.134,9.2848
10Li,3,7,4531.3512,1.2721
10Be,4,6,6497.6306,0.0081
10B,5,5,6475.0835,0.0015
10C,6,4,6032.0426,0.007
10N,7,3,3643.6724,40
11Li,3,8,4155.3817,0.0559
11Be,4,7,5952.5402,0.0216
11B,5,6,6927.7323,0.0011
11C,6,5,6676.4563,0.0054
11N,7,4,5358.4023,0.4546
11O,8,3,3162.4372,5.458
12Li,3,9,3791.5999,2.5005
12Be,4,8,5720.7223,0.159
12B,5,7,6631.2237,0.1101
12C,6,6,7680.1446,0.0002
12N,7,5,6170.11,0.0833
12O,8,4,4881.9755,1
13Li,3,10,3507.6307,5.3848
13Be,4,9,5241.4359,0.7831
13B,5,8,6496.4194,0.0769
13C,6,7,7469.8495,0.0002
13N,7,6,7238.8634,0.0207
13O,8,5,5811.7636,0.7328
13F,9,4,4297,38
14Be,4,10,4993.8973,9.4461
14B,5,9,6101.6451,1.5152
14C,6,8,7520.3198,0.0004
14N,7,7,7475.6148,0.0002
14O,8,6,7052.2783,0.0018
14F,9,5,5285.2091,2.9371
15Be,4,11,4540.9708,11.0532
15B,5,10,5880.0438,1.4019
15C,6,9,7100.1696,0.0533
15N,7,8,7699.4603,0.0002
15O,8,7,7463.6915,0.0327
15F,9,6,6497.4597,0.9333
15Ne,10,5,4868.7285,4.4456
16Be,4,12,4285.2851,10.3623
16B,5,11,5507.3535,1.5354
16C,6,10,6922.0546,0.2236
16N,7,9,7373.7971,0.1438
16O,8,8,7976.2072,0.0002
16F,9,7,6964.049,0.3353
16Ne,10,6,6083.1777,1.28
17B,5,12,5269.6677,12.0061
17C,6,11,6558.0262,1.0215
17N,7,10,7286.2294,0.8824
17O,8,9,7750.7291,0.0002
17F,9,8,7542.3284,0.0146
17Ne,10,7,6640.4991,0.0208
17Na,11,6,5522.7653,3.5068
18B,5,13,4976.6306,11.3425
18C,6,12,6426.1321,1.6667
18N,7,11,7038.5627,1.0316
18O,8,10,7767.0981,0.0002
18F,9,9,7631.6383,0.0257
18Ne,10,8,7341.2577,0.0202
18Na,11,7,6202.2176,5.2156
19B,5,14,4719.6346,27.6507
19C,6,13,6118.274,5.1784
19N,7,12,6948.5452,0.8634
19O,8,11,7566.4952,0.1388
19F,9,10,7779.0192,0.0002
19Ne,10,9,7567.3431,0.0084
19Na,11,8,6937.8864,0.5545
19Mg,12,7,5901.4992,3.1579
20B,5,15,4405.6529,27.3178
20C,6,14,5961.4356,11.5312
20N,7,13,6709.1717,3.9447
20O,8,12,7568.5707,0.0442
20F,9,11,7720.1351,0.0015
20Ne,10,10,8032.2412,0.0002
20Na,11,9,7298.5028,0.0554
20Mg,12,8,6728.0252,0.0931
21B,5,16,4152.5265,26.6031
21C,6,15,5674,28
21N,7,14,6609.0159,6.3832
21O,8,13,7389.3747,0.5714
21F,9,12,7738.2934,0.0857
21Ne,10,11,7971.7136,0.0018
21Na,11,10,7765.5581,0.002
21Mg,12,9,7105.0317,0.0359
21Al,13,8,6297,29
22C,6,16,5421.0778,10.5223
22N,7,15,6378.5347,9.4445
22O,8,14,7364.8722,2.5873
22F,9,13,7624.2954,0.5636
22Ne,10,12,8080.4656,0.0008
22Na,11,11,7915.6624,0.006
22Mg,12,10,7662.7645,0.0072
22Al,13,9,6782,18
22Si,14,8,6044,23
23C,6,17,5077,43
23N,7,16,6236.6721,18.2856
23O,8,15,7163.4856,5.2918
23F,9,14,7622.3447,1.4487
23Ne,10,13,7955.2561,0.0045
23Na,11,12,8111.4936,0.0002
23Mg,12,11,7901.1229,0.0014
23Al,13,10,7335.7275,0.015
23Si,14,9,6554,22
24N,7,17,5887,17
24O,8,16,7039.6855,6.8698
24F,9,15,7463.5831,4.0696
24Ne,10,14,7993.3252,0.0214
24Na,11,13,8063.4882,0.0007
24Mg,12,12,8260.7103,0.0006
24Al,13,11,7649.5806,0.0095
24Si,14,10,7167.2329,0.8113
24P,15,9,6165,21
25N,7,18,5613,20
25O,8,17,6727.8058,6.6034
25F,9,16,7336.3065,3.8577
25Ne,10,15,7839.7994,1.1618
25Na,11,14,8101.3979,0.048
25Mg,12,13,8223.5028,0.0019
25Al,13,12,8021.1366,0.0026
25Si,14,11,7480.1109,0.4
25P,15,10,6794,16
26O,8,18,6497.479,6.3442
26F,9,17,7082.2497,4.1164
26Ne,10,16,7751.911,0.7088
26Na,11,15,8004.2013,0.1347
26Mg,12,14,8333.8711,0.0011
26Al,13,13,8149.7653,0.0026
26Si,14,12,7924.7083,0.0041
26P,15,11,7198,8
26S,16,10,6525,23
27O,8,19,6185,19
27F,9,18,6879.6662,4.4518
27Ne,10,17,7520.4151,3.3619
27Na,11,16,7956.9467,0.138
27Mg,12,15,8263.8525,0.0018
27Al,13,14,8331.5533,0.0018
27Si,14,13,8124.342,0.004
27P,15,12,7661.0894,0.3334
27S,16,11,6960,15
28O,8,20,5988,25
28F,9,19,6626.8567,4.2981
28Ne,10,18,7388.3463,4.5024
28Na,11,17,7799.2644,0.3659
28Mg,12,16,8272.4531,0.0093
28Al,13,15,8309.8969,0.0018
28Si,14,14,8447.7445,0.0002
28P,15,13,7907.4842,0.041
28S,16,12,7478.7911,5.7143
28Cl,17,11,6587,18
29F,9,20,6444.0314,18.116
29Ne,10,19,7167.0673,5.1553
29Na,11,18,7682.1522,0.253
29Mg,12,17,8113.5317,0.0119
29Al,13,16,8348.4647,0.0119
29Si,14,15,8448.6361,0.0002
29P,15,14,8251.2368,0.0124
29S,16,13,7746.3826,0.4497
29Cl,17,12,7129,7
29Ar,18,11,6276,15
30F,9,21,6205,17
30Ne,10,20,7034.5317,8.4417
30Na,11,19,7501.9685,0.1576
30Mg,12,18,8054.425,0.0432
30Al,13,17,8261.1049,0.0645
30Si,14,16,8520.6549,0.0008
30P,15,15,8353.5064,0.0022
30S,16,14,8122.7081,0.0069
30Cl,17,13,7472.1698,0.7959
30Ar,18,12,6866,6
31F,9,22,6011,17
31Ne,10,21,6813.0902,8.5869
31Na,11,20,7398.6778,0.4507
31Mg,12,19,7869.1886,0.0992
31Al,13,18,8225.518,0.0721
31Si,14,17,8458.2916,0.0014
31P,15,16,8481.1677,0.0002
31S,16,15,8281.8013,0.0074
31Cl,17,14,7869.2101,0.1112
31Ar,18,13,7252,6
31K,19,12,6487,10
32Ne,10,22,6671,16
32Na,11,21,7219.8815,1.1644
32Mg,12,20,7803.8411,0.1019
32Al,13,19,8100.3449,0.2241
32Si,14,18,8481.469,0.0093
32P,15,17,8464.1203,0.0013
32S,16,16,8493.1301,0.0002
32Cl,17,15,8072.4058,0.0176
32Ar,18,14,7700.0089,0.0553
32K,19,13,6920,12
33Ne,10,23,6436,18
33Na,11,22,7089.9262,13.6337
33Mg,12,21,7636.4382,0.0807
33Al,13,20,8020.6172,0.2117
33Si,14,19,8361.0596,0.0212
33P,15,18,8513.8073,0.033
33S,16,17,8497.6304,0.0002
33Cl,17,16,8304.7557,0.0118
33Ar,18,15,7928.9559,0.0121
33K,19,14,7392,6
33Ca,20,13,6657,12
34Ne,10,24,6287,15
34Na,11,23,6886.4377,17.6299
34Mg,12,22,7550.3919,0.2027
34Al,13,21,7860.3506,0.0619
34Si,14,20,8337.1659,0.0236
34P,15,19,8448.1856,0.0238
34S,16,18,8583.4986,0.0013
34Cl,17,17,8398.9706,0.0014
34Ar,18,16,8197.6724,0.0023
34K,19,15,7670,6
34Ca,20,14,7173,9
35Na,11,24,6745,19
35Mg,12,23,7356.2338,7.7048
35Al,13,22,7787.1243,0.2103
35Si,14,21,8169.5644,1.0245
35P,15,20,8446.2496,0.0533
35S,16,19,8537.8511,0.0012
35Cl,17,18,8520.279,0.001
35Ar,18,17,8327.4621,0.0194
35K,19,16,7965.8409,0.0146
35Ca,20,15,7476,6
35Sc,21,14,6828,11
36Na,11,25,6557,19
36Mg,12,24,7244.4202,19.1733
36Al,13,23,7623.5154,4.1529
36Si,14,22,8112.5199,1.9944
36P,15,21,8307.8692,0.3643
36S,16,20,8575.39,0.0052
36Cl,17,19,8521.9322,0.001
36Ar,18,18,8519.9096,0.0008
36K,19,17,8142.2233,0.009
36Ca,20,16,7815.8799,1.1111
36Sc,21,15,7166,8
37Na,11,26,6403,19
37Mg,12,25,7055.1115,18.8905
37Al,13,24,7531.316,4.8715
37Si,14,23,7952.9033,3.0759
37P,15,22,8267.5561,1.0256
37S,16,21,8459.9363,0.0054
37Cl,17,20,8570.2816,0.0014
37Ar,18,19,8527.1406,0.0056
37K,19,18,8339.848,0.0025
37Ca,20,17,8003.4567,0.0171
37Sc,21,16,7525,8
37Ti,22,15,6926,11
38Na,11,27,6216,19
38Mg,12,26,6928,13
38Al,13,25,7370,4
38Si,14,24,7892.8297,2.7577
38P,15,23,8147.2749,1.91
38S,16,22,8448.7829,0.1887
38Cl,17,21,8505.4817,0.0026
38Ar,18,20,8614.2807,0.0051
38K,19,19,8438.0593,0.0051
38Ca,20,18,8240.0434,0.0051
38Sc,21,17,7751,5
38Ti,22,16,7319,8
39Na,11,28,6056,19
39Mg,12,27,6734,13
39Al,13,26,7260,8
39Si,14,25,7730.9793,3.4752
39P,15,24,8097.9701,2.8883
39S,16,23,8344.2698,1.2821
39Cl,17,22,8494.4032,0.0444
39Ar,18,21,8562.5988,0.1282
39K,19,20,8557.0258,0.0003
39Ca,20,19,8369.6711,0.0153
39Sc,21,18,8013.4575,0.6154
39Ti,22,17,7566,5
39V,23,16,7031,10
40Mg,12,28,6598,13
40Al,13,27,7097,7
40Si,14,26,7655.8247,3.0498
40P,15,25,7981.4177,2.0902
40S,16,24,8329.3255,0.0996
40Cl,17,23,8427.766,0.8016
40Ar,18,22,8595.2594,0.0002
40K,19,21,8538.0907,0.0014
40Ca,20,20,8551.3046,0.0006
40Sc,21,19,8173.6697,0.0707
40Ti,22,18,7865.8632,1.7061
40V,23,17,7310,7
41Mg,12,29,6425,12
41Al,13,28,6980,10
41Si,14,27,7482,7
41P,15,26,7906.5513,2.9308
41S,16,25,8229.6358,0.1
41Cl,17,24,8412.9593,1.6762
41Ar,18,23,8534.3733,0.0085
41K,19,22,8576.0731,0.0003
41Ca,20,21,8546.7075,0.0034
41Sc,21,20,8369.1979,0.0019
41Ti,22,19,8034.3889,0.6816
41V,23,18,7625,5
41Cr,24,17,7116,10
42Al,13,29,6829,12
42Si,14,28,7410,7
42P,15,27,7765.9122,2.2621
42S,16,26,8193.2275,0.0665
42Cl,17,25,8345.8864,1.4194
42Ar,18,24,8555.6141,0.1375
42K,19,23,8551.2571,0.0025
42Ca,20,22,8616.5646,0.0035
42Sc,21,21,8444.9303,0.0037
42Ti,22,20,8259.24,0.0064
42V,23,19,7824,5
42Cr,24,18,7456,7
43Al,13,30,6712,14
43Si,14,29,7251,9
43P,15,28,7681,7
43S,16,27,8063.8276,0.1156
43Cl,17,26,8323.8672,1.4386
43Ar,18,25,8488.2382,0.1235
43K,19,24,8576.2204,0.0095
43Ca,20,23,8600.6653,0.0053
43Sc,21,22,8530.8265,0.0433
43Ti,22,21,8352.8054,0.133
43V,23,20,8069.5129,0.9965
43Cr,24,19,7680,5
43Mn,25,18,7213,9
44Si,14,30,7156,11
44P,15,29,7552,9
44S,16,28,7996.0154,0.1186
44Cl,17,27,8234.4788,1.9447
44Ar,18,26,8493.8411,0.036
44K,19,25,8546.7023,0.0095
44Ca,20,24,8658.1769,0.0074
44Sc,21,23,8557.3805,0.0399
44Ti,22,22,8533.5215,0.0159
44V,23,21,8203.4567,0.1651
44Cr,24,20,7949.6265,1.1644
44Mn,25,19,7457,7
45Si,14,31,7004,13
45P,15,30,7456,11
45S,16,29,7867,7
45Cl,17,28,8181.5991,3.0259
45Ar,18,27,8419.9526,0.0114
45K,19,26,8554.6747,0.0116
45Ca,20,25,8630.5467,0.0081
45Sc,21,24,8618.941,0.0147
45Ti,22,23,8555.7321,0.0186
45V,23,22,8380.0394,0.0192
45Cr,24,21,8087.7286,0.7866
45Mn,25,20,7747,7
45Fe,26,19,7299,6
46P,15,31,7320,11
46S,16,30,7785,9
46Cl,17,29,8080.7757,2.1141
46Ar,18,28,8412.3835,0.0506
46K,19,27,8518.0428,0.0158
46Ca,20,26,8668.9848,0.0486
46Sc,21,25,8622.0215,0.0146
46Ti,22,24,8656.4623,0.002
46V,23,23,8486.1423,0.0029
46Cr,24,22,8303.8233,0.249
46Mn,25,21,7916.0805,1.8832
46Fe,26,20,7603,7
47P,15,32,7209,13
47S,16,31,7652,9
47Cl,17,30,7992,4
47Ar,18,29,8311.425,0.0258
47K,19,28,8514.8795,0.0297
47Ca,20,27,8639.3548,0.0473
47Sc,21,26,8665.0958,0.0411
47Ti,22,25,8661.2325,0.0017
47V,23,24,8582.2348,0.0024
47Cr,24,23,8407.2067,0.1106
47Mn,25,22,8135.3117,0.6738
47Fe,26,21,7790,11
47Co,27,20,7396,13
48S,16,32,7552,10
48Cl,17,31,7883,10
48Ar,18,30,8243.6656,0.3493
48K,19,29,8434.2324,0.0161
48Ca,20,28,8666.6916,0.0004
48Sc,21,27,8656.2097,0.1031
48Ti,22,26,8723.0122,0.0016
48V,23,25,8623.0686,0.0202
48Cr,24,24,8572.2553,0.1523
48Mn,25,23,8274.1924,0.1396
48Fe,26,22,8022.7254,1.9212
48Co,27,21,7595,10
48Ni,28,20,7236,9
49S,16,33,7400,12
49Cl,17,32,7785,8
49Ar,18,31,8132,8
49K,19,30,8372.2753,0.0164
49Ca,20,29,8594.85,0.0036
49Sc,21,28,8686.2805,0.0463
49Ti,22,27,8711.1625,0.0016
49V,23,26,8682.9135,0.0168
49Cr,24,25,8613.2777,0.0449
49Mn,25,24,8439.915,0.0452
49Fe,26,23,8161.3121,0.4943
49Co,27,22,7840,10
49Ni,28,21,7450,12
50Cl,17,33,7651,8
50Ar,18,32,8054,10
50K,19,31,8288.5833,0.1546
50Ca,20,30,8550.1639,0.0317
50Sc,21,29,8633.4747,0.0503
50Ti,22,28,8755.7227,0.0017
50V,23,27,8695.9032,0.0019
50Cr,24,26,8701.0188,0.0019
50Mn,25,25,8532.6823,0.0023
50Fe,26,24,8354.0268,0.1677
50Co,27,23,8000.6387,2.515
50Ni,28,22,7702,10
51Cl,17,34,7530,14
51Ar,18,33,7922,8
51K,19,32,8221.335,0.2557
51Ca,20,31,8476.9135,0.0102
51Sc,21,30,8597.2213,0.0493
51Ti,22,29,8708.9912,0.0095
51V,23,28,8742.0852,0.0019
51Cr,24,27,8711.9923,0.0033
51Mn,25,26,8633.7602,0.006
51Fe,26,25,8460.4977,0.0274
51Co,27,24,8193.2549,0.9498
51Ni,28,23,7870,10
52Cl,17,35,7386,13
52Ar,18,34,7827,12
52K,19,33,8115.0303,0.6449
52Ca,20,32,8429.3821,0.0129
52Sc,21,31,8534.6695,0.0591
52Ti,22,30,8691.8193,0.0528
52V,23,29,8714.569,0.0031
52Cr,24,28,8775.9946,0.0022
52Mn,25,27,8670.4087,0.0025
52Fe,26,26,8609.6079,0.0035
52Co,27,25,8325.5606,0.1016
52Ni,28,24,8083.8977,1.5943
52Cu,29,23,7671,12
53Ar,18,35,7677,13
53K,19,34,8022.8488,2.109
53Ca,20,33,8330.5778,0.826
53Sc,21,32,8492.8325,0.3339
53Ti,22,31,8631.1256,0.0545
53V,23,30,8710.1425,0.0585
53Cr,24,29,8760.2103,0.0022
53Mn,25,28,8734.1798,0.0065
53Fe,26,27,8648.7985,0.0315
53Co,27,26,8477.6578,0.0326
53Ni,28,25,8217.0749,0.4745
53Cu,29,24,7891,9
54Ar,18,36,7578,15
54K,19,35,7891,7
54Ca,20,34,8247.4967,0.897
54Sc,21,33,8404.8115,0.2588
54Ti,22,32,8599.6917,0.2932
54V,23,31,8662.1382,0.207
54Cr,24,30,8777.9672,0.0025
54Mn,25,29,8737.9768,0.0186
54Fe,26,28,8736.3846,0.0064
54Co,27,27,8569.2199,0.0066
54Ni,28,26,8393.0328,0.0862
54Cu,29,25,8045,7
54Zn,30,24,7742,4
55K,19,36,7792,9
55Ca,20,35,8125.926,2.913
55Sc,21,34,8333.3694,1.1347
55Ti,22,33,8518.9696,0.525
55V,23,32,8637.3391,0.4912
55Cr,24,31,8731.9362,0.0042
55Mn,25,30,8765.0247,0.0047
55Fe,26,29,8746.5981,0.0056
55Co,27,28,8669.6204,0.0074
55Ni,28,27,8497.3225,0.0128
55Cu,29,26,8233.997,2.8284
55Zn,30,25,7904,7
56K,19,37,7663,11
56Ca,20,36,8033.1654,4.4579
56Sc,21,35,8233.5781,4.6369
56Ti,22,34,8467.9495,1.7893
56V,23,33,8574.7006,3.1408
56Cr,24,32,8723.2609,0.0103
56Mn,25,31,8738.3358,0.0052
56Fe,26,30,8790.3563,0.0048
56Co,27,29,8694.8386,0.0085
56Ni,28,28,8642.7811,0.0071
56Cu,29,27,8355.9907,0.1142
56Zn,30,26,8106,7
56Ga,31,25,7707,9
57K,19,38,7563,11
57Ca,20,37,7912,7
57Sc,21,36,8158.1666,3.154
57Ti,22,35,8372.9008,3.6119
57V,23,34,8535.1967,1.4871
57Cr,24,33,8663.3998,0.0327
57Mn,25,32,8736.7146,0.0264
57Fe,26,31,8770.2829,0.0047
57Co,27,30,8741.8845,0.009
57Ni,28,29,8670.9364,0.0099
57Cu,29,28,8503.2646,0.0088
57Zn,30,27,8231,4
57Ga,31,26,7916,7
58K,19,39,7437,12
58Ca,20,38,7828,9
58Sc,21,37,8054.9436,3.2763
58Ti,22,36,8307.629,3.161
58V,23,35,8458.156,1.652
58Cr,24,34,8643.9987,0.0514
58Mn,25,33,8696.6438,0.0466
58Fe,26,32,8792.2534,0.0055
58Co,27,31,8738.9719,0.0199
58Ni,28,30,8732.0621,0.006
58Cu,29,29,8570.9696,0.0097
58Zn,30,28,8395.9467,0.8621
58Ga,31,27,8059,5
58Ge,32,26,7770,9
59K,19,40,7332,14
59Ca,20,39,7708,10
59Sc,21,38,7976.4073,4.2312
59Ti,22,37,8218,5
59V,23,36,8403.8034,2.3288
59Cr,24,35,8568.5995,0.0114
59Mn,25,34,8680.9224,0.0395
59Fe,26,33,8754.7746,0.0056
59Co,27,32,8768.0379,0.0067
59Ni,28,31,8736.5912,0.006
59Cu,29,30,8642.0027,0.009
59Zn,30,29,8473.7802,0.0129
59Ga,31,28,8232,3
59Ge,32,27,7924,7
60Ca,20,40,7627,12
60Sc,21,39,7873,8
60Ti,22,38,8152.7858,4.0054
60V,23,37,8322.8751,3.0324
60Cr,24,36,8540.1876,0.0186
60Mn,25,35,8628.1392,0.0388
60Fe,26,34,8755.8539,0.0568
60Co,27,33,8746.7692,0.0067
60Ni,28,32,8780.7769,0.0059
60Cu,29,31,8665.6047,0.0269
60Zn,30,30,8583.0524,0.0091
60Ga,31,29,8327,3
60Ge,32,28,8113,5
60As,33,27,7735,7
61Ca,20,41,7503,13
61Sc,21,40,7794,10
61Ti,22,39,8058,5
61V,23,38,8271.0417,3.8511
61Cr,24,37,8460.1734,0.0305
61Mn,25,36,8598.9157,0.0382
61Fe,26,35,8703.7686,0.0428
61Co,27,34,8756.151,0.0138
61Ni,28,33,8765.0281,0.0058
61Cu,29,32,8715.5148,0.0156
61Zn,30,31,8610.3098,0.2606
61Ga,31,30,8446.4313,0.6228
61Ge,32,29,8215,5
61As,33,28,7930,5
62Sc,21,41,7688,10
62Ti,22,40,7990,6
62V,23,39,8187.7565,4.2627
62Cr,24,38,8427.3871,0.0556
62Mn,25,37,8538.5002,0.1055
62Fe,26,36,8692.8831,0.0451
62Co,27,35,8721.3347,0.2996
62Ni,28,34,8794.5555,0.0069
62Cu,29,33,8718.0839,0.0103
62Zn,30,32,8679.3451,0.0099
62Ga,31,31,8518.6449,0.0103
62Ge,32,30,8347,2
62As,33,29,8049,5
63Sc,21,42,7603,11
63Ti,22,41,7891,8
63V,23,40,8130.7809,5.3968
63Cr,24,39,8347.5398,1.1533
63Mn,25,38,8505.102,0.0591
63Fe,26,37,8631.5499,0.0683
63Co,27,36,8717.7972,0.2948
63Ni,28,35,8763.4955,0.0068
63Cu,29,34,8752.1404,0.0068
63Zn,30,33,8686.2866,0.0248
63Ga,31,32,8583.9267,0.0207
63Ge,32,31,8418.7167,0.5914
63As,33,30,8193,3
63Se,34,29,7917,8
64Ti,22,42,7826,9
64V,23,41,8045,6
64Cr,24,40,8303.5626,4.6866
64Mn,25,39,8437.4175,0.0553
64Fe,26,38,8612.3888,0.0784
64Co,27,37,8675.5223,0.3126
64Ni,28,36,8777.4637,0.0072
64Cu,29,35,8739.0736,0.0067
64Zn,30,34,8735.9057,0.0101
64Ga,31,33,8611.6317,0.0223
64Ge,32,32,8528.8243,0.0582
64As,33,31,8286,3
64Se,34,30,8075,8
65Ti,22,43,7726,11
65V,23,42,7981,8
65Cr,24,41,8218,3
65Mn,25,40,8400.6822,0.0573
65Fe,26,39,8546.347,0.0786
65Co,27,38,8656.8848,0.032
65Ni,28,37,8736.2424,0.0074
65Cu,29,36,8757.0967,0.0099
65Zn,30,35,8724.266,0.0099
65Ga,31,34,8662.1601,0.0122
65Ge,32,33,8555.0584,0.0333
65As,33,32,8396.2351,1.3041
65Se,34,31,8170,5
65Br,35,30,7904,8
66V,23,43,7894,8
66Cr,24,42,8168,5
66Mn,25,41,8331.7986,0.1694
66Fe,26,40,8521.7245,0.0621
66Co,27,39,8605.9419,0.2117
66Ni,28,38,8739.5086,0.0212
66Cu,29,37,8731.473,0.0098
66Zn,30,36,8759.6335,0.0113
66Ga,31,35,8669.3631,0.0166
66Ge,32,34,8625.4383,0.0364
66As,33,33,8468.4034,0.0861
66Se,34,32,8300,3
66Br,35,31,8014,6
67V,23,44,7829,9
67Cr,24,43,8079,6
67Mn,25,42,8281,3
67Fe,26,41,8449.9359,0.057
67Co,27,40,8581.7422,0.0962
67Ni,28,39,8695.7505,0.0431
67Cu,29,38,8737.4597,0.0133
67Zn,30,37,8734.1534,0.0113
67Ga,31,36,8707.533,0.0176
67Ge,32,35,8633.0884,0.0645
67As,33,34,8530.5685,0.0066
67Se,34,33,8369.5344,1.001
67Br,35,32,8148,4
67Kr,36,31,7883,6
68Cr,24,44,8026,7
68Mn,25,43,8209,4
68Fe,26,42,8418,3
68Co,27,41,8520.1301,0.0567
68Ni,28,40,8682.4667,0.0438
68Cu,29,39,8701.8913,0.0233
68Zn,30,38,8755.682,0.0115
68Ga,31,37,8701.2195,0.021
68Ge,32,36,8688.1371,0.0276
68As,33,35,8557.7457,0.0271
68Se,34,34,8477.0482,0.0073
68Br,35,33,8239,4
68Kr,36,32,8034,7
69Cr,24,45,7939,7
69Mn,25,44,8155,6
69Fe,26,43,8345,3
69Co,27,42,8495.4062,1.242
69Ni,28,41,8623.0998,0.054
69Cu,29,40,8695.2044,0.0203
69Zn,30,39,8722.7311,0.0115
69Ga,31,38,8724.5798,0.0174
69Ge,32,37,8680.964,0.0191
69As,33,36,8611.8214,0.4638
69Se,34,35,8503.7082,0.0216
69Br,35,34,8344.9026,0.6087
69Kr,36,33,8129,4
70Cr,24,46,7884,9
70Mn,25,45,8084,7
70Fe,26,44,8308,4
70Co,27,43,8434.198,0.157
70Ni,28,42,8604.2917,0.0306
70Cu,29,41,8646.8655,0.0155
70Zn,30,40,8729.8086,0.0274
70Ga,31,39,8709.2808,0.0172
70Ge,32,38,8721.7028,0.0117
70As,33,37,8621.5541,0.02
70Se,34,36,8576.0338,0.0226
70Br,35,35,8414.7964,0.2129
70Kr,36,34,8256,3
71Mn,25,46,8030,7
71Fe,26,45,8235,6
71Co,27,44,8398.7344,6.5497
71Ni,28,43,8543.1564,0.0315
71Cu,29,42,8635.0233,0.021
71Zn,30,41,8689.0417,0.0374
71Ga,31,40,8717.605,0.0114
71Ge,32,39,8703.3118,0.0115
71As,33,38,8663.935,0.0586
71Se,34,37,8586.0606,0.0394
71Br,35,36,8481.4629,0.0761
71Kr,36,35,8327.131,1.8136
71Rb,37,34,8118,6
72Mn,25,47,7955,8
72Fe,26,46,8195,7
72Co,27,45,8338,4
72Ni,28,44,8520.2118,0.0311
72Cu,29,43,8586.5256,0.0194
72Zn,30,42,8691.8053,0.0298
72Ga,31,41,8687.0893,0.0114
72Ge,32,40,8731.7459,0.0011
72As,33,39,8660.3786,0.0567
72Se,34,38,8644.4902,0.0272
72Br,35,37,8511.3126,0.0142
72Kr,36,36,8429.3193,0.1113
72Rb,37,35,8202,7
73Mn,25,48,7895,8
73Fe,26,47,8121,7
73Co,27,46,8302,4
73Ni,28,45,8457.6529,0.0332
73Cu,29,44,8568.5699,0.0266
73Zn,30,43,8648.3455,0.0255
73Ga,31,42,8693.874,0.023
73Ge,32,41,8705.05,0.0008
73As,33,40,8689.6099,0.0528
73Se,34,39,8641.5591,0.1017
73Br,35,38,8568.0803,0.0923
73Kr,36,37,8460.1847,0.0901
73Rb,37,36,8305.0821,0.5588
73Sr,38,35,8102,5
74Fe,26,48,8076,7
74Co,27,47,8239,5
74Ni,28,46,8433,3
74Cu,29,45,8521.5633,0.0831
74Zn,30,44,8642.7547,0.034
74Ga,31,43,8663.1676,0.0405
74Ge,32,42,8725.2011,0.0003
74As,33,41,8680.002,0.0229
74Se,34,40,8687.7155,0.0003
74Br,35,39,8583.5615,0.0789
74Kr,36,38,8533.039,0.0272
74Rb,37,37,8381.7123,0.0409
74Sr,38,36,8221,1
75Fe,26,49,7996,8
75Co,27,48,8197,5
75Ni,28,47,8369,3
75Cu,29,46,8495.0801,0.0096
75Zn,30,45,8592.4981,0.0261
75Ga,31,44,8660.7565,0.0089
75Ge,32,43,8695.6096,0.0007
75As,33,42,8700.8748,0.0118
75Se,34,41,8678.9139,0.001
75Br,35,40,8627.6497,0.0571
75Kr,36,39,8553.4399,0.1081
75Rb,37,38,8448.2762,0.0157
75Sr,38,37,8296.5116,2.9334
75Y,39,36,8089,4
76Fe,26,50,7943,8
76Co,27,49,8131,7
76Ni,28,48,8338,4
76Cu,29,47,8443.6018,0.012
76Zn,30,46,8582.2735,0.0192
76Ga,31,45,8624.5272,0.0257
76Ge,32,44,8705.2364,0.0003
76As,33,43,8682.8172,0.0117
76Se,34,42,8711.4781,0.0003
76Br,35,41,8635.883,0.1227
76Kr,36,40,8608.8077,0.0528
76Rb,37,39,8486.2161,0.0123
76Sr,38,38,8393.9294,0.4535
76Y,39,37,8173,4
77Co,27,50,8082,8
77Ni,28,49,8272,5
77Cu,29,48,8411.2501,0.0157
77Zn,30,47,8530.0037,0.0256
77Ga,31,46,8613.3907,0.0315
77Ge,32,45,8671.0293,0.0007
77As,33,44,8695.9789,0.022
77Se,34,43,8694.6908,0.0008
77Br,35,42,8666.8073,0.0365
77Kr,36,41,8616.837,0.0254
77Rb,37,40,8537.3396,0.0169
77Sr,38,39,8435.9188,0.1028
77Y,39,38,8278,3
77Zr,40,37,8075,5
78Co,27,51,7997,9
78Ni,28,50,8238,5
78Cu,29,49,8354.6695,0.1709
78Zn,30,48,8507.38,0.0249
78Ga,31,47,8577.1043,0.0135
78Ge,32,46,8671.6636,0.0453
78As,33,45,8673.876,0.1254
78Se,34,44,8717.8072,0.0023
78Br,35,43,8661.9594,0.0459
78Kr,36,42,8661.2385,0.0039
78Rb,37,41,8558.3512,0.0415
78Sr,38,40,8500.0971,0.0955
78Y,39,39,8349,4
78Zr,40,38,8194,5
79Ni,28,51,8150,6
79Cu,29,50,8320.938,1.3289
79Zn,30,49,8450.5825,0.0282
79Ga,31,48,8556.0725,0.0153
79Ge,32,47,8634.5089,0.4704
79As,33,46,8676.6172,0.0674
79Se,34,45,8695.5923,0.0028
79Br,35,44,8687.5956,0.0127
79Kr,36,43,8657.113,0.0441
79Rb,37,42,8601.1401,0.0246
79Sr,38,41,8523.8558,0.0939
79Y,39,40,8416.7788,1.014
79Zr,40,39,8267,4
79Nb,41,38,8066,6
80Ni,28,52,8088,7
80Cu,29,51,8246,4
80Zn,30,50,8423.5457,0.0323
80Ga,31,49,8508.4545,0.0361
80Ge,32,48,8627.5707,0.0257
80As,33,47,8651.2824,0.0417
80Se,34,46,8710.8142,0.0118
80Br,35,45,8677.6541,0.0124
80Kr,36,44,8692.9301,0.0087
80Rb,37,43,8611.676,0.0233
80Sr,38,42,8578.5966,0.0433
80Y,39,41,8454.2759,0.078
80Zr,40,40,8365,4
80Nb,41,39,8151,5
81Ni,28,53,8000,9
81Cu,29,52,8185,4
81Zn,30,51,8351.9262,0.0621
81Ga,31,50,8483.3576,0.0403
81Ge,32,49,8580.6587,0.0254
81As,33,48,8648.0571,0.0326
81Se,34,47,8685.9998,0.0121
81Br,35,46,8695.9465,0.0121
81Kr,36,45,8682.8206,0.0133
81Rb,37,44,8645.5139,0.0605
81Sr,38,43,8587.3545,0.0386
81Y,39,42,8505.9031,0.0667
81Zr,40,41,8395.1519,1.1385
81Nb,41,40,8248,5
81Mo,42,39,8054,6
82Ni,28,54,7935,10
82Cu,29,53,8108,5
82Zn,30,52,8301.1175,0.0375
82Ga,31,51,8421.0494,0.0296
82Ge,32,50,8563.7567,0.0273
82As,33,49,8611.4153,0.0455
82Se,34,48,8693.1973,0.0057
82Br,35,47,8682.4953,0.0118
82Kr,36,46,8710.6754,0.0003
82Rb,37,45,8647.4275,0.0367
82Sr,38,44,8635.719,0.0731
82Y,39,43,8529.2762,0.0671
82Zr,40,42,8465.4666,0.0193
82Nb,41,41,8312,4
82Mo,42,40,8163,5
83Cu,29,54,8044,6
83Zn,30,53,8226,4
83Ga,31,52,8372.5756,0.0315
83Ge,32,51,8504.3462,0.0292
83As,33,50,8599.654,0.0337
83Se,34,49,8658.556,0.0366
83Br,35,48,8693.3852,0.0457
83Kr,36,47,8695.7295,0.0003
83Rb,37,46,8675.2193,0.0281
83Sr,38,45,8638.4076,0.0823
83Y,39,44,8573.6571,0.2245
83Zr,40,43,8488.3997,0.0775
83Nb,41,42,8378.9889,1.9528
83Mo,42,41,8234,5
83Tc,43,40,8043,6
84Cu,29,55,7965,6
84Zn,30,54,8171,5
84Ga,31,53,8307.525,0.3549
84Ge,32,52,8465.5244,0.0377
84As,33,51,8547.9385,0.0377
84Se,34,50,8658.7935,0.0233
84Br,35,49,8671.3294,0.3063
84Kr,36,48,8717.4473,0.0003
84Rb,37,47,8676.2244,0.0261
84Sr,38,46,8677.5132,0.0148
84Y,39,45,8587.7812,0.0512
84Zr,40,44,8549.0301,0.0655
84Nb,41,43,8417.9563,0.0048
84Mo,42,42,8325,4
84Tc,43,41,8120,5
85Zn,30,55,8090,6
85Ga,31,54,8253.5687,0.4384
85Ge,32,53,8401.7689,0.0439
85As,33,52,8510.9851,0.0362
85Se,34,51,8610.3045,0.0307
85Br,35,50,8673.5926,0.0362
85Kr,36,49,8698.5633,0.0235
85Rb,37,48,8697.4416,0.0003
85Sr,38,47,8675.7193,0.0331
85Y,39,46,8628.1486,0.2231
85Zr,40,45,8564.0394,0.0756
85Nb,41,44,8473.7117,0.0482
85Mo,42,43,8361.332,0.1863
85Tc,43,42,8215,5
85Ru,44,41,8027,6
86Zn,30,56,8032,6
86Ga,31,55,8182,5
86Ge,32,54,8354.63,5.0907
86As,33,53,8456.7215,0.0401
86Se,34,52,8581.8224,0.0293
86Br,35,51,8632.3659,0.0358
86Kr,36,50,8712.0295,0.0003
86Rb,37,49,8696.9014,0.0023
86Sr,38,48,8708.4566,0.0003
86Y,39,47,8638.4293,0.1644
86Zr,40,46,8614.0523,0.0415
86Nb,41,45,8502.2231,0.0639
86Mo,42,44,8434.7175,0.0341
86Tc,43,43,8280,3
86Ru,44,42,8133,5
87Ga,31,56,8124,6
87Ge,32,55,8285,3
87As,33,54,8413.8521,0.0343
87Se,34,53,8529.092,0.0258
87Br,35,52,8605.9105,0.0364
87Kr,36,51,8675.284,0.0028
87Rb,37,50,8710.9843,0.0003
87Sr,38,49,8705.2363,0.0003
87Y,39,48,8674.8451,0.013
87Zr,40,47,8623.6545,0.0477
87Nb,41,46,8551.7579,0.0782
87Mo,42,45,8462.4243,0.0328
87Tc,43,44,8347.7449,0.0482
87Ru,44,43,8201,5
88Ga,31,57,8050,6
88Ge,32,56,8236,5
88As,33,55,8351,2
88Se,34,54,8495.0045,0.0382
88Br,35,53,8563.7479,0.036
88Kr,36,52,8656.8499,0.0296
88Rb,37,51,8681.1154,0.0018
88Sr,38,50,8732.5958,0.0003
88Y,39,49,8682.5396,0.017
88Zr,40,48,8666.0339,0.0614
88Nb,41,47,8572.4013,0.6569
88Mo,42,46,8523.9087,0.0434
88Tc,43,45,8389.8338,0.0466
88Ru,44,44,8298,3
88Rh,45,43,8090,5
89Ge,32,57,8161,4
89As,33,56,8304,3
89Se,34,55,8435.2799,0.0419
89Br,35,54,8530.7802,0.0367
89Kr,36,53,8614.8158,0.0241
89Rb,37,52,8664.1895,0.061
89Sr,38,51,8705.923,0.0011
89Y,39,50,8714.011,0.0038
89Zr,40,49,8673.3865,0.0312
89Nb,41,48,8616.8184,0.2655
89Mo,42,47,8544.9851,0.044
89Tc,43,46,8450.5758,0.0429
89Ru,44,45,8340.376,0.2721
89Rh,45,44,8189,4
90Ge,32,58,8109,6
90As,33,57,8240,4
90Se,34,56,8395.7672,3.6639
90Br,35,55,8478.1865,0.0373
90Kr,36,54,8591.2599,0.0207
90Rb,37,53,8631.5262,0.0717
90Sr,38,52,8696.0043,0.0161
90Y,39,51,8693.3778,0.0039
90Zr,40,50,8709.9699,0.0013
90Nb,41,49,8633.377,0.0369
90Mo,42,48,8597.0285,0.0385
90Tc,43,47,8483.36,0.0114
90Ru,44,46,8409.7684,0.0414
90Rh,45,45,8254,2
90Pd,46,44,8113,4
91As,33,58,8189,4
91Se,34,57,8334.8382,4.7598
91Br,35,56,8441.9242,0.0389
91Kr,36,55,8541.7519,0.0246
91Rb,37,54,8607.5621,0.0857
91Sr,38,53,8663.8759,0.0599
91Y,39,52,8684.9421,0.0203
91Zr,40,51,8693.3149,0.0011
91Nb,41,50,8670.8983,0.0322
91Mo,42,49,8613.6286,0.0686
91Tc,43,48,8536.6558,0.026
91Ru,44,47,8442.9287,0.0244
91Rh,45,46,8328,3
91Pd,46,45,8183,5
92As,33,59,8121,5
92Se,34,58,8290,4
92Br,35,57,8384.9123,0.0729
92Kr,36,56,8512.675,0.0294
92Rb,37,55,8569.4225,0.0666
92Sr,38,54,8648.907,0.0372
92Y,39,53,8661.5894,0.0992
92Zr,40,52,8692.6783,0.0011
92Nb,41,51,8662.3731,0.0194
92Mo,42,50,8657.7312,0.0017
92Tc,43,49,8563.544,0.0337
92Ru,44,48,8504.774,0.0295
92Rh,45,47,8373.4211,0.0476
92Pd,46,46,8275.5695,3.7503
92Ag,47,45,8080,4
93Se,34,59,8225,4
93Br,35,58,8345.5986,4.6324
93Kr,36,57,8458.1085,0.027
93Rb,37,56,8540.9209,0.0842
93Sr,38,55,8612.7875,0.0812
93Y,39,54,8648.9054,0.1128
93Zr,40,53,8671.6207,0.0049
93Nb,41,52,8664.1849,0.016
93Mo,42,51,8651.4095,0.002
93Tc,43,50,8608.5782,0.0109
93Ru,44,49,8531.4627,0.0222
93Rh,45,48,8434.8255,0.0283
93Pd,46,47,8318.5637,3.9786
93Ag,47,46,8175,4
94Se,34,60,8180,5
94Br,35,59,8287,2
94Kr,36,58,8424.3318,0.1288
94Rb,37,57,8492.7644,0.0216
94Sr,38,56,8593.8344,0.0177
94Y,39,55,8622.8068,0.0679
94Zr,40,54,8666.8016,0.0018
94Nb,41,53,8648.9014,0.0159
94Mo,42,52,8662.3341,0.0015
94Tc,43,51,8608.7373,0.0433
94Ru,44,50,8583.662,0.0334
94Rh,45,49,8472.4033,0.0359
94Pd,46,48,8391.6832,0.0456
94Ag,47,47,8238,4
94Cd,48,46,8102,5
95Se,34,61,8112,5
95Br,35,60,8245,3
95Kr,36,59,8365.9963,0.1961
95Rb,37,58,8460.1967,0.2131
95Sr,38,57,8549.0875,0.0612
95Y,39,56,8604.9644,0.0714
95Zr,40,55,8643.5924,0.0092
95Nb,41,54,8647.2133,0.0054
95Mo,42,53,8648.7212,0.0013
95Tc,43,52,8622.6911,0.0535
95Ru,44,51,8587.4706,0.1
95Rh,45,50,8525.3707,0.0409
95Pd,46,49,8428.9807,0.0319
95Ag,47,48,8315,4
95Cd,48,47,8171,6
96Br,35,61,8184,3
96Kr,36,60,8330.8721,0.2008
96Rb,37,59,8408.8963,0.0349
96Sr,38,58,8521.2041,0.0882
96Y,39,57,8569.4269,0.0633
96Zr,40,56,8635.3283,0.0012
96Nb,41,55,8628.8868,0.0015
96Mo,42,54,8653.988,0.0013
96Tc,43,53,8614.8673,0.0536
96Ru,44,52,8609.413,0.0018
96Rh,45,51,8534.6735,0.1042
96Pd,46,50,8490.0207,0.0437
96Ag,47,49,8360.2903,0.9384
96Cd,48,48,8259,4
96In,49,47,8069,5
97Br,35,62,8140,4
97Kr,36,61,8269.8645,1.3444
97Rb,37,60,8376.1872,0.0197
97Sr,38,59,8471.8489,0.0349
97Y,39,58,8541.4616,0.0692
97Zr,40,57,8603.7182,0.0013
97Nb,41,56,8623.1384,0.0438
97Mo,42,55,8635.0926,0.0017
97Tc,43,54,8623.7254,0.0425
97Ru,44,53,8604.2799,0.0285
97Rh,45,52,8559.8949,0.3656
97Pd,46,51,8502.4303,0.0499
97Ag,47,50,8423.2121,0.1239
97Cd,48,49,8310.3013,4.3317
97In,49,48,8165,4
98Br,35,63,8078,4
98Kr,36,62,8234,3
98Rb,37,61,8330.7294,0.1641
98Sr,38,60,8445.7385,0.0329
98Y,39,59,8497.6162,0.0808
98Zr,40,58,8581.3984,0.0862
98Nb,41,57,8596.3016,0.051
98Mo,42,56,8635.1691,0.0018
98Tc,43,55,8610.0047,0.0345
98Ru,44,54,8620.314,0.0659
98Rh,45,53,8560.8038,0.1215
98Pd,46,52,8533.8999,0.0484
98Ag,47,51,8441.6866,0.3358
98Cd,48,50,8378.2953,0.5285
98In,49,49,8230,3
99Kr,36,63,8175,4
99Rb,37,62,8295.301,0.0407
99Sr,38,61,8402.5235,0.0479
99Y,39,60,8476.6938,0.0668
99Zr,40,59,8539.225,0.1061
99Nb,41,58,8578.9859,0.1213
99Mo,42,57,8607.7982,0.0023
99Tc,43,56,8613.6105,0.0092
99Ru,44,55,8608.7132,0.0035
99Rh,45,54,8580.1959,0.1965
99Pd,46,53,8537.9332,0.0516
99Ag,47,52,8474.7744,0.0633
99Cd,48,51,8398.3734,0.016
99In,49,50,8304,3
99Sn,50,49,8161,6
100Kr,36,64,8134,4
100Rb,37,63,8244.5085,0.1312
100Sr,38,62,8372.2012,0.0692
100Y,39,61,8439.4151,0.1118
100Zr,40,60,8522.1066,0.0814
100Nb,41,59,8548.4683,0.0798
100Mo,42,58,8604.6626,0.003
100Tc,43,57,8595.1184,0.0135
100Ru,44,56,8619.3593,0.0034
100Rh,45,55,8575.1732,0.1813
100Pd,46,54,8563.5652,0.1764
100Ag,47,53,8484.9947,0.05
100Cd,48,52,8437.7375,0.0168
100In,49,51,8329.7495,0.0224
100Sn,50,50,8251.626,2.4001
101Kr,36,65,8075,5
101Rb,37,64,8206.1753,0.2029
101Sr,38,63,8324.7411,0.084
101Y,39,62,8413.3305,0.0701
101Zr,40,61,8485.8439,0.0825
101Nb,41,60,8534.8355,0.0371
101Mo,42,59,8572.9159,0.0031
101Tc,43,58,8593.1366,0.2377
101Ru,44,57,8601.366,0.0041
101Rh,45,56,8588.2172,0.0578
101Pd,46,55,8560.8644,0.0454
101Ag,47,54,8512.5465,0.0479
101Cd,48,53,8450.3657,0.0148
101In,49,52,8370.426,0.1155
101Sn,50,51,8281.103,2.9703
102Rb,37,65,8152.7443,0.8128
102Sr,38,64,8291.2213,0.6575
102Y,39,63,8371.9172,0.04
102Zr,40,62,8466.294,0.0859
102Nb,41,61,8504.8675,0.0246
102Mo,42,60,8568.3994,0.0814
102Tc,43,59,8570.6514,0.0899
102Ru,44,58,8607.4275,0.0041
102Rh,45,57,8576.9818,0.0628
102Pd,46,56,8580.2887,0.0041
102Ag,47,55,8517.165,0.0801
102Cd,48,54,8484.1322,0.0163
102In,49,53,8388.5719,0.0448
102Sn,50,52,8324.4313,0.9814
102Sb,51,51,8181,4
103Rb,37,66,8112,4
103Sr,38,65,8242,2
103Y,39,64,8342.6336,0.1088
103Zr,40,63,8425.8337,0.0895
103Nb,41,62,8488.332,0.0382
103Mo,42,61,8538.2672,0.0895
103Tc,43,60,8566.1045,0.0952
103Ru,44,59,8584.3656,0.0043
103Rh,45,58,8584.1927,0.0223
103Pd,46,57,8571.0173,0.0085
103Ag,47,56,8537.652,0.0398
103Cd,48,55,8489.7547,0.0176
103In,49,54,8423.7199,0.0872
103Sn,50,53,8343,1
103Sb,51,52,8234,3
104Rb,37,67,8057,5
104Sr,38,66,8206,3
104Y,39,65,8298,2
104Zr,40,64,8402.3159,0.0896
104Nb,41,63,8453.3832,0.0172
104Mo,42,62,8527.9063,0.0857
104Tc,43,61,8541.107,0.2393
104Ru,44,60,8587.3998,0.024
104Rh,45,59,8568.9501,0.0221
104Pd,46,58,8584.8485,0.0129
104Ag,47,57,8536.185,0.0406
104Cd,48,56,8517.6232,0.0161
104In,49,55,8435.238,0.0555
104Sn,50,54,8383.9114,0.0552
104Sb,51,53,8258,1
104Te,52,52,8157.3256,3.0539
105Sr,38,67,8152,5
105Y,39,66,8262,4
105Zr,40,65,8358.598,0.1153
105Nb,41,64,8431.6925,0.0384
105Mo,42,63,8494.863,0.0862
105Tc,43,62,8534.6074,0.3358
105Ru,44,61,8561.9016,0.0238
105Rh,45,60,8572.7053,0.0238
105Pd,46,59,8570.6509,0.0108
105Ag,47,58,8550.3708,0.0433
105Cd,48,57,8516.8532,0.0133
105In,49,56,8464.7045,0.0976
105Sn,50,55,8397.229,0.0378
105Sb,51,54,8300.9923,0.2079
105Te,52,53,8186.8368,2.8573
106Sr,38,68,8114,6
106Y,39,67,8215,5
106Zr,40,66,8330,2
106Nb,41,65,8393.2657,0.0134
106Mo,42,64,8479.5202,0.0861
106Tc,43,63,8506.557,0.1156
106Ru,44,62,8560.9406,0.0509
106Rh,45,61,8553.9317,0.0508
106Pd,46,60,8579.9934,0.0104
106Ag,47,59,8544.6397,0.0285
106Cd,48,58,8539.0492,0.0104
106In,49,57,8470.1213,0.1153
106Sn,50,56,8432.0383,0.048
106Sb,51,55,8322.0124,0.0703
106Te,52,54,8236.7682,0.9485
106I,53,53,8089,4
107Sr,38,69,8057,7
107Y,39,68,8178,5
107Zr,40,67,8284,3
107Nb,41,66,8367.0898,0.075
107Mo,42,65,8442.219,0.0862
107Tc,43,64,8492.8979,0.0811
107Ru,44,63,8533.3676,0.0811
107Rh,45,62,8554.104,0.1126
107Pd,46,61,8560.8946,0.0112
107Ag,47,60,8553.9012,0.0223
107Cd,48,59,8533.3524,0.0155
107In,49,58,8494.0439,0.0902
107Sn,50,57,8439.4946,0.0496
107Sb,51,56,8358.7344,0.0388
107Te,52,55,8258,1
107I,53,54,8146,3
108Y,39,69,8129,6
108Zr,40,68,8253,4
108Nb,41,67,8325.6604,0.0763
108Mo,42,66,8422.1581,0.0854
108Tc,43,65,8462.8172,0.0812
108Ru,44,64,8527.2267,0.0804
108Rh,45,63,8532.6657,0.1296
108Pd,46,62,8567.0241,0.0103
108Ag,47,61,8542.0262,0.0221
108Cd,48,60,8550.0196,0.0104
108In,49,59,8495.2516,0.08
108Sn,50,58,8469.0273,0.0498
108Sb,51,57,8372.6666,0.0509
108Te,52,56,8303.7221,0.0501
108I,53,55,8176,1
108Xe,54,54,8074.8886,3.5139
109Y,39,70,8089,6
109Zr,40,69,8204,5
109Nb,41,68,8297.1307,3.9524
109Mo,42,67,8381.4163,0.1026
109Tc,43,66,8444.1796,0.0887
109Ru,44,65,8496.228,0.0821
109Rh,45,64,8528.1404,0.0371
109Pd,46,63,8544.8825,0.0102
109Ag,47,62,8547.9155,0.0118
109Cd,48,61,8538.7646,0.0141
109In,49,60,8513.1027,0.0364
109Sn,50,59,8470.5183,0.0729
109Sb,51,58,8404.8161,0.0483
109Te,52,57,8319.3305,0.0402
109I,53,56,8220.0164,0.0617
109Xe,54,55,8107.3071,2.7533
110Zr,40,70,8171,5
110Nb,41,69,8255.2607,7.6213
110Mo,42,68,8359.293,0.2202
110Tc,43,67,8411.2603,0.0863
110Ru,44,66,8486.3123,0.0811
110Rh,45,65,8504.2551,0.1619
110Pd,46,64,8547.163,0.0056
110Ag,47,63,8532.1089,0.0117
110Cd,48,62,8551.2755,0.0035
110In,49,61,8508.9087,0.105
110Sn,50,60,8496.0875,0.1252
110Sb,51,59,8412.6821,0.0542
110Te,52,58,8358.116,0.0598
110I,53,57,8244.0767,0.5631
110Xe,54,56,8159.2808,0.9181
111Zr,40,71,8118,5
111Nb,41,70,8223,3
111Mo,42,69,8315.2932,0.1133
111Tc,43,68,8390.0906,0.0953
111Ru,44,67,8452.9582,0.0872
111Rh,45,66,8495.6267,0.0617
111Pd,46,65,8521.7498,0.0066
111Ag,47,64,8534.7878,0.0131
111Cd,48,63,8537.0801,0.0032
111In,49,62,8522.2824,0.0308
111Sn,50,61,8493.131,0.0481
111Sb,51,60,8440.1203,0.0797
111Te,52,59,8367.7635,0.0579
111I,53,58,8282.9343,0.0428
111Xe,54,57,8182,1
111Cs,55,56,8070,2
112Zr,40,72,8081,6
112Nb,41,71,8178,3
112Mo,42,70,8291,2
112Tc,43,69,8353.6217,0.0492
112Ru,44,68,8439.2431,0.0857
112Rh,45,67,8468.8666,0.3936
112Pd,46,66,8520.7205,0.0584
112Ag,47,65,8516.0807,0.0216
112Cd,48,64,8544.7306,0.0022
112In,49,63,8514.6674,0.038
112Sn,50,62,8513.6189,0.0026
112Sb,51,61,8443.633,0.1592
112Te,52,60,8400.6527,0.0749
112I,53,59,8299.8801,0.0915
112Xe,54,58,8230.0646,0.074
112Cs,55,57,8102,1
113Zr,40,73,8027,3
113Nb,41,72,8143,4
113Mo,42,71,8246,3
113Tc,43,70,8329.4652,0.0297
113Ru,44,69,8402.6857,0.3388
113Rh,45,68,8456.8165,0.0631
113Pd,46,67,8492.5795,0.0615
113Ag,47,66,8516.066,0.1473
113Cd,48,65,8526.9874,0.0022
113In,49,64,8522.9297,0.0017
113Sn,50,63,8506.8117,0.0139
113Sb,51,62,8465.2762,0.1521
113Te,52,61,8404.6366,0.2473
113I,53,60,8333.7528,0.0709
113Xe,54,59,8247.9277,0.0605
113Cs,55,58,8148.623,0.0759
113Ba,56,57,8035,3
114Nb,41,73,8097,4
114Mo,42,72,8219,3
114Tc,43,71,8290.2599,3.7995
114Ru,44,70,8385.3351,0.0312
114Rh,45,69,8426.6221,0.6277
114Pd,46,68,8488.0056,0.061
114Ag,47,67,8493.7786,0.04
114Cd,48,66,8531.5135,0.0024
114In,49,65,8511.9742,0.0027
114Sn,50,64,8522.5671,0.0004
114Sb,51,63,8462.5191,0.1734
114Te,52,62,8432.7885,0.2143
114I,53,61,8344.779,0.1757
114Xe,54,60,8289.2054,0.0981
114Cs,55,59,8173.5711,0.7462
114Ba,56,58,8089.6865,0.9007
115Nb,41,74,8061,4
115Mo,42,73,8173,3
115Tc,43,72,8264,2
115Ru,44,71,8346.814,0.2188
115Rh,45,70,8410.6538,0.0636
115Pd,46,69,8457.7342,0.1178
115Ag,47,68,8490.5553,0.1589
115Cd,48,67,8510.7252,0.0057
115In,49,66,8516.5472,0.0003
115Sn,50,65,8514.0702,0.0003
115Sb,51,64,8480.9156,0.1394
115Te,52,63,8431.1504,0.243
115I,53,62,8374.5651,0.2511
115Xe,54,61,8300.9704,0.1053
115Cs,55,60,8216,1
115Ba,56,59,8116,2
116Nb,41,75,8012,3
116Mo,42,74,8143,4
116Tc,43,73,8223,3
116Ru,44,72,8326.884,0.0321
116Rh,45,71,8377.6123,0.6365
116Pd,46,70,8449.2755,0.0615
116Ag,47,69,8465.9073,0.0281
116Cd,48,68,8512.3511,0.0014
116In,49,67,8501.6177,0.0019
116Sn,50,66,8523.1166,0.0009
116Sb,51,65,8475.8208,0.0444
116Te,52,64,8455.6435,0.2087
116I,53,63,8381.2858,0.6469
116Xe,54,62,8336.8365,0.1122
116Cs,55,61,8235,1
116Ba,56,60,8162,2
116La,57,59,8032,3
117Mo,42,75,8096,4
117Tc,43,74,8195,3
117Ru,44,73,8285.5625,3.7021
117Rh,45,72,8359.2766,0.076
117Pd,46,71,8416.9243,0.062
117Ag,47,70,8459.4515,0.116
117Cd,48,69,8488.974,0.0087
117In,49,68,8503.8653,0.0417
117Sn,50,67,8509.612,0.0041
117Sb,51,66,8487.8981,0.0721
117Te,52,65,8450.9203,0.115
117I,53,64,8404.4307,0.2184
117Xe,54,63,8344.2976,0.0887
117Cs,55,62,8271.8652,0.5334
117Ba,56,61,8187.9546,2.1396
117La,57,60,8086,2
118Mo,42,76,8067,4
118Tc,43,75,8153,3
118Ru,44,74,8263,2
118Rh,45,73,8322.8539,0.2054
118Pd,46,72,8405.2197,0.0211
118Ag,47,71,8433.89,0.0213
118Cd,48,70,8487.835,0.1695
118In,49,69,8485.667,0.0657
118Sn,50,68,8516.5341,0.0042
118Sb,51,67,8478.9156,0.0256
118Te,52,66,8469.697,0.1551
118I,53,65,8406.1203,0.1675
118Xe,54,64,8374.9819,0.088
118Cs,55,63,8286.4053,0.1081
118Ba,56,62,8227,2
118La,57,61,8114,3
119Mo,42,77,8019,3
119Tc,43,76,8126,4
119Ru,44,75,8220,3
119Rh,45,74,8303.3953,0.0783
119Pd,46,73,8368.9594,0.0693
119Ag,47,72,8423.2126,0.1236
119Cd,48,71,8461.4381,0.3168
119In,49,70,8486.1387,0.0614
119Sn,50,69,8499.4494,0.0061
119Sb,51,68,8487.9218,0.0588
119Te,52,67,8462.0785,0.0612
119I,53,66,8426.8924,0.1824
119Xe,54,65,8378.442,0.0872
119Cs,55,64,8317.3347,0.1171
119Ba,56,63,8245.9287,1.6829
119La,57,62,8159,3
119Ce,58,61,8058,4
120Tc,43,77,8083,4
120Ru,44,76,8199,3
120Rh,45,75,8266,2
120Pd,46,74,8357.0817,0.0191
120Ag,47,73,8395.3281,0.0373
120Cd,48,72,8458.024,0.0311
120In,49,71,8466.2575,0.3334
120Sn,50,70,8504.488,0.0077
120Sb,51,69,8475.63,0.06
120Te,52,68,8476.9857,0.0146
120I,53,67,8423.6745,0.1258
120Xe,54,66,8404.0322,0.0985
120Cs,55,65,8328.4811,0.0831
120Ba,56,64,8280.2949,2.5014
120La,57,63,8179,2
120Ce,58,62,8108,4
121Tc,43,78,8054,4
121Ru,44,77,8156,3
121Rh,45,76,8245.2397,5.1194
121Pd,46,75,8320.8584,0.0277
121Ag,47,74,8382.3306,0.1001
121Cd,48,73,8430.9972,0.0161
121In,49,72,8463.8767,0.2266
121Sn,50,71,8485.1964,0.0081
121Sb,51,70,8482.0574,0.0207
121Te,52,69,8466.8641,0.2135
121I,53,68,8441.4111,0.039
121Xe,54,67,8403.8326,0.0847
121Cs,55,66,8352.9152,0.1181
121Ba,56,65,8293.9083,1.1727
121La,57,64,8217,2
121Ce,58,63,8132,3
121Pr,59,62,8033,4
122Tc,43,79,8011,2
122Ru,44,78,8132,4
122Rh,45,77,8208,2
122Pd,46,76,8305.9755,0.1603
122Ag,47,75,8352.7591,0.313
122Cd,48,74,8424.2667,0.0188
122In,49,73,8442.1079,0.4103
122Sn,50,72,8487.8968,0.0201
122Sb,51,71,8468.3222,0.0205
122Te,52,70,8478.1315,0.0111
122I,53,69,8437.0139,0.0425
122Xe,54,68,8424.6644,0.0911
122Cs,55,67,8359.1515,0.2761
122Ba,56,66,8323.7567,0.2291
122La,57,65,8235,2
122Ce,58,64,8174,3
122Pr,59,63,8060,4
123Ru,44,79,8089,4
123Rh,45,78,8185,3
123Pd,46,77,8270.0318,6.4182
123Ag,47,76,8337.9707,0.2651
123Cd,48,75,8395.3955,0.0219
123In,49,74,8437.9362,0.1612
123Sn,50,73,8467.2313,0.0202
123Sb,51,72,8472.3196,0.011
123Te,52,71,8465.537,0.011
123I,53,70,8449.1896,0.03
123Xe,54,69,8420.9239,0.0775
123Cs,55,68,8380.3796,0.0985
123Ba,56,67,8330.2086,0.0985
123La,57,66,8267,2
123Ce,58,65,8193,2
123Pr,59,64,8104,3
124Ru,44,80,8065,5
124Rh,45,79,8148,3
124Pd,46,78,8252,2
124Ag,47,77,8308.8958,2.0283
124Cd,48,76,8387.0179,0.021
124In,49,75,8414.3243,0.2465
124Sn,50,74,8467.3997,0.0106
124Sb,51,73,8456.1517,0.011
124Te,52,72,8473.2705,0.0109
124I,53,71,8441.4807,0.0185
124Xe,54,70,8437.6138,0.011
124Cs,55,69,8383.5114,0.0738
124Ba,56,68,8355.8209,0.1008
124La,57,67,8278.2926,0.457
124Ce,58,66,8229,2
124Pr,59,65,8128,3
124Nd,60,64,8054,4
125Ru,44,81,8023,2
125Rh,45,80,8124,4
125Pd,46,79,8215,3
125Ag,47,78,8293.3151,3.4652
125Cd,48,77,8357.6815,0.0231
125In,49,76,8407.9365,0.0142
125Sn,50,75,8445.5285,0.0106
125Sb,51,74,8458.1612,0.0201
125Te,52,73,8458.0361,0.0108
125I,53,72,8450.2911,0.0108
125Xe,54,71,8430.939,0.0113
125Cs,55,70,8399.8033,0.0619
125Ba,56,69,8358.1784,0.0879
125La,57,68,8304.6438,0.208
125Ce,58,67,8242,2
125Pr,59,66,8167,2
125Nd,60,65,8080,3
126Rh,45,81,8087,4
126Pd,46,80,8197,3
126Ag,47,79,8261,2
126Cd,48,78,8346.7393,0.0183
126In,49,77,8384.6067,0.0333
126Sn,50,76,8443.5227,0.0848
126Sb,51,75,8440.3136,0.2528
126Te,52,74,8463.2397,0.0107
126I,53,73,8439.9379,0.03
126Xe,54,72,8443.5375,0.0003
126Cs,55,71,8399.2673,0.0822
126Ba,56,70,8379.7187,0.0992
126La,57,69,8312.4268,0.7183
126Ce,58,68,8273.2581,0.2218
126Pr,59,67,8184,2
126Nd,60,66,8122,2
126Pm,61,65,8008,4
127Rh,45,82,8060,5
127Pd,46,81,8160,4
127Ag,47,80,8244,2
127Cd,48,79,8316.8971,0.0488
127In,49,78,8374.8212,0.0788
127Sn,50,77,8420.5482,0.0726
127Sb,51,76,8439.811,0.04
127Te,52,75,8446.109,0.0108
127I,53,74,8445.482,0.0285
127Xe,54,73,8434.1066,0.0322
127Cs,55,72,8411.5617,0.0439
127Ba,56,71,8378.456,0.0894
127La,57,70,8333.5412,0.2047
127Ce,58,69,8280.7922,0.2274
127Pr,59,68,8216,2
127Nd,60,67,8142,2
127Pm,61,66,8052,3
128Rh,45,83,8010,2
128Pd,46,82,8137,4
128Ag,47,81,8211,2
128Cd,48,80,8303.2367,0.0503
128In,49,79,8351.4361,0.0103
128Sn,50,78,8416.9749,0.1381
128Sb,51,77,8420.7724,0.1468
128Te,52,76,8448.7536,0.0055
128I,53,75,8432.8309,0.0283
128Xe,54,74,8443.3008,0.0003
128Cs,55,73,8406.4953,0.042
128Ba,56,72,8395.9878,0.0126
128La,57,71,8337.1904,0.4254
128Ce,58,70,8306.9259,0.2183
128Pr,59,69,8228.9141,0.2329
128Nd,60,68,8177,2
128Pm,61,67,8075,2
128Sm,62,66,7998,4
129Pd,46,83,8086,5
129Ag,47,82,8188,3
129Cd,48,81,8269.5311,0.0412
129In,49,80,8338.759,0.0153
129Sn,50,79,8392.8161,0.1339
129Sb,51,78,8418.0598,0.1645
129Te,52,77,8430.4098,0.0055
129I,53,76,8435.9908,0.0244
129Xe,54,75,8431.3904,0.0003
129Cs,55,74,8416.0465,0.0353
129Ba,56,73,8391.0811,0.0814
129La,57,72,8356.0449,0.1655
129Ce,58,71,8310.9411,0.2166
129Pr,59,70,8254.3808,0.2311
129Nd,60,69,8191,2
129Pm,61,68,8114,2
129Sm,62,67,8023,4
130Pd,46,84,8046,2
130Ag,47,83,8142,3
130Cd,48,82,8252.5868,0.172
130In,49,81,8314.176,0.0138
130Sn,50,80,8386.817,0.0144
130Sb,51,79,8397.3641,0.1093
130Te,52,78,8430.3251,0.0003
130I,53,77,8421.1011,0.0243
130Xe,54,76,8437.7314,0.0003
130Cs,55,75,8408.7848,0.0643
130Ba,56,74,8405.513,0.0022
130La,57,73,8356.1919,0.1996
130Ce,58,72,8333.2164,0.215
130Pr,59,71,8263.7565,0.4944
130Nd,60,70,8222.5136,0.215
130Pm,61,69,8131,2
130Sm,62,68,8065,3
130Eu,63,67,7950,4
131Pd,46,85,7993,2
131Ag,47,84,8102,4
131Cd,48,83,8206.1204,0.1469
131In,49,82,8297.9544,0.0168
131Sn,50,81,8362.5183,0.0276
131Sb,51,80,8392.5525,0.0159
131Te,52,79,8411.2339,0.0005
131I,53,78,8422.2977,0.0046
131Xe,54,77,8423.7367,0.0003
131Cs,55,76,8415.0317,0.0014
131Ba,56,75,8398.5511,0.0032
131La,57,74,8370.3676,0.2133
131Ce,58,73,8333.3969,0.2504
131Pr,59,72,8286.1439,0.3587
131Nd,60,71,8230.3045,0.2101
131Pm,61,70,8163,2
131Sm,62,69,8085,3
131Eu,63,68,7996,3
132Ag,47,85,8053,4
132Cd,48,84,8169.1421,0.4551
132In,49,83,8253.7162,0.4548
132Sn,50,82,8354.8726,0.015
132Sb,51,81,8372.3452,0.0187
132Te,52,80,8408.4859,0.0264
132I,53,79,8406.4628,0.0308
132Xe,54,78,8427.6229,0.0003
132Cs,55,77,8405.5878,0.0079
132Ba,56,76,8409.3747,0.008
132La,57,75,8367.7559,0.2754
132Ce,58,74,8352.3223,0.1546
132Pr,59,73,8291.5377,0.2188
132Nd,60,72,8256.8104,0.1834
132Pm,61,71,8177,1
132Sm,62,70,8122,2
132Eu,63,69,8018,3
133Ag,47,86,8013,4
133Cd,48,85,8121,2
133In,49,84,8217,2
133Sn,50,83,8310.089,0.0143
133Sb,51,82,8364.7302,0.0235
133Te,52,81,8389.0255,0.0155
133I,53,80,8405.0993,0.0444
133Xe,54,79,8412.6477,0.018
133Cs,55,78,8409.9786,0.0003
133Ba,56,77,8400.2059,0.0075
133La,57,76,8378.8415,0.2101
133Ce,58,75,8349.8301,0.123
133Pr,59,74,8310.2588,0.094
133Nd,60,73,8262.232,0.3502
133Pm,61,72,8204.2841,0.3782
133Sm,62,71,8137,2
133Eu,63,70,8056,2
133Gd,64,69,7966,4
134Cd,48,86,8086,2
134In,49,85,8173,1
134Sn,50,84,8275.1719,0.0236
134Sb,51,83,8325.9398,0.0229
134Te,52,82,8383.6442,0.0205
134I,53,81,8389.0722,0.0362
134Xe,54,80,8413.6994,0.0003
134Cs,55,79,8398.647,0.0003
134Ba,56,78,8408.1731,0.0019
134La,57,77,8374.4888,0.1487
134Ce,58,76,8365.7716,0.1521
134Pr,59,75,8312.8817,0.1516
134Nd,60,74,8285.5391,0.0882
134Pm,61,73,8213.4131,0.3128
134Sm,62,72,8167,1
134Eu,63,71,8075,2
134Gd,64,70,8008,3
135Cd,48,87,8036,3
135In,49,86,8136,2
135Sn,50,85,8230.6877,0.0228
135Sb,51,84,8291.9894,0.0196
135Te,52,83,8345.7384,0.0128
135I,53,82,8384.7609,0.0153
135Xe,54,81,8398.4783,0.0272
135Cs,55,80,8401.3393,0.0027
135Ba,56,79,8397.5345,0.0018
135La,57,78,8382.7972,0.0699
135Ce,58,77,8361.9861,0.076
135Pr,59,76,8328.9284,0.0875
135Nd,60,75,8288.1536,0.1417
135Pm,61,74,8236.7933,0.6141
135Sm,62,73,8177.627,1.1454
135Eu,63,72,8107,1
135Gd,64,71,8028,3
135Tb,65,70,7939,3
136In,49,87,8091,2
136Sn,50,86,8197,1
136Sb,51,85,8252.2533,0.0429
136Te,52,84,8319.4301,0.0168
136I,53,83,8351.3242,0.1043
136Xe,54,82,8396.1889,0.0003
136Cs,55,81,8389.7723,0.0138
136Ba,56,80,8402.7566,0.0018
136La,57,79,8376.0512,0.391
136Ce,58,78,8373.7624,0.0024
136Pr,59,77,8330.0089,0.0842
136Nd,60,76,8308.5127,0.0869
136Pm,61,75,8243.7207,0.5079
136Sm,62,74,8205.9165,0.0919
136Eu,63,73,8122,1
136Gd,64,72,8064,2
136Tb,65,71,7961,4
137In,49,88,8053,3
137Sn,50,87,8152,2
137Sb,51,86,8218.4764,0.3808
137Te,52,85,8280.2357,0.0153
137I,53,84,8326.0033,0.0612
137Xe,54,83,8364.2865,0.0008
137Cs,55,82,8388.9581,0.0022
137Ba,56,81,8391.8288,0.0018
137La,57,80,8381.8807,0.012
137Ce,58,79,8367.2497,0.0026
137Pr,59,78,8341.7074,0.0594
137Nd,60,77,8309.5892,0.0856
137Pm,61,76,8263.6516,0.0952
137Sm,62,75,8213.5527,0.2089
137Eu,63,74,8150.5738,0.032
137Gd,64,73,8080,2
137Tb,65,72,7999,3
138Sn,50,88,8118,3
138Sb,51,87,8178,2
138Te,52,86,8252.5786,0.0274
138I,53,85,8292.445,0.0432
138Xe,54,84,8344.6913,0.0203
138Cs,55,83,8360.1437,0.0664
138Ba,56,82,8393.4222,0.0018
138La,57,81,8375.0835,0.003
138Ce,58,80,8377.0408,0.0036
138Pr,59,79,8339.2195,0.0726
138Nd,60,78,8325.4946,0.0841
138Pm,61,77,8268.3558,0.0841
138Sm,62,76,8237.9286,0.0856
138Eu,63,75,8161.6211,0.2025
138Gd,64,74,8112,1
138Tb,65,73,8019,2
138Dy,66,72,7950,4
139Sn,50,89,8073,3
139Sb,51,88,8144,3
139Te,52,87,8211.7716,0.0255
139I,53,86,8265.61,0.0288
139Xe,54,85,8311.5904,0.0154
139Cs,55,84,8342.3397,0.0225
139Ba,56,83,8367.0194,0.0018
139La,57,82,8377.9987,0.0044
139Ce,58,81,8370.4664,0.015
139Pr,59,80,8349.5208,0.0263
139Nd,60,79,8323.6642,0.198
139Pm,61,78,8285.5473,0.0978
139Sm,62,77,8243.0786,0.0783
139Eu,63,76,8187.2187,0.0946
139Gd,64,75,8126,1
139Tb,65,74,8052,2
139Dy,66,73,7971,4
140Sn,50,90,8038,2
140Sb,51,89,8103,4
140Te,52,88,8183.3567,0.1027
140I,53,87,8229.474,0.0865
140Xe,54,86,8290.8875,0.0166
140Cs,55,85,8314.3227,0.0586
140Ba,56,84,8353.15,0.0564
140La,57,83,8355.0201,0.0043
140Ce,58,82,8376.3045,0.0094
140Pr,59,81,8346.5163,0.0439
140Nd,60,80,8337.864,0.0233
140Pm,61,79,8289.0958,0.173
140Sm,62,78,8263.8211,0.0893
140Eu,63,77,8197.733,0.3681
140Gd,64,76,8154.9757,0.1996
140Tb,65,75,8068.6732,5.7178
140Dy,66,74,8008,3
140Ho,67,73,7906,4
141Sb,51,90,8069,4
141Te,52,89,8142,3
141I,53,88,8202.2562,0.1123
141Xe,54,87,8255.3647,0.0205
141Cs,55,86,8294.3554,0.0652
141Ba,56,85,8326.0774,0.0377
141La,57,84,8343.205,0.0293
141Ce,58,83,8355.3956,0.0093
141Pr,59,82,8353.9852,0.0106
141Nd,60,81,8335.5074,0.0226
141Pm,61,80,8303.9405,0.0991
141Sm,62,79,8265.846,0.0605
141Eu,63,78,8217.6853,0.0896
141Gd,64,77,8164.609,0.1401
141Tb,65,76,8097.4761,0.7465
141Dy,66,75,8027,2
141Ho,67,74,7943,3
142Sb,51,91,8027,2
142Te,52,90,8113,4
142I,53,89,8165.2517,0.0348
142Xe,54,88,8233.1695,0.019
142Cs,55,87,8264.8777,0.0498
142Ba,56,86,8310.9718,0.0417
142La,57,85,8320.8263,0.0443
142Ce,58,84,8347.07,0.0172
142Pr,59,83,8336.3032,0.0106
142Nd,60,82,8346.031,0.0088
142Pm,61,81,8306.6587,0.1662
142Sm,62,80,8285.9407,0.0131
142Eu,63,79,8226.396,0.2117
142Gd,64,78,8190.2569,0.1968
142Tb,65,77,8111.508,4.9335
142Dy,66,76,8061,5
142Ho,67,75,7965,3
142Er,68,74,7893,4
143Te,52,91,8070,3
143I,53,90,8137,1
143Xe,54,89,8196.8855,0.0326
143Cs,55,88,8243.6707,0.053
143Ba,56,87,8281.9878,0.0472
143La,57,86,8306.1271,0.0513
143Ce,58,85,8324.6765,0.0171
143Pr,59,84,8329.428,0.0127
143Nd,60,83,8330.4893,0.0088
143Pm,61,82,8317.7341,0.0206
143Sm,62,81,8288.1825,0.0192
143Eu,63,80,8245.8177,0.0768
143Gd,64,79,8198.3188,1.4007
143Tb,65,78,8138.2176,0.3583
143Dy,66,77,8075.0527,0.0912
143Ho,67,76,7999,2
143Er,68,75,7917,3
144Te,52,92,8040,2
144I,53,91,8098,3
144Xe,54,90,8172.8845,0.0369
144Cs,55,89,8211.8894,0.1398
144Ba,56,88,8265.4549,0.0496
144La,57,87,8281.4283,0.0898
144Ce,58,86,8314.7612,0.0197
144Pr,59,85,8311.5411,0.0188
144Nd,60,84,8326.9237,0.0087
144Pm,61,83,8305.2969,0.0202
144Sm,62,82,8303.68,0.0101
144Eu,63,81,8254.1744,0.0749
144Gd,64,80,8221.9382,0.1941
144Tb,65,79,8151.2877,0.1941
144Dy,66,78,8105.5902,0.0498
144Ho,67,77,8017.0977,0.0589
144Er,68,76,7956,1
144Tm,69,75,7850,3
145Te,52,93,7998,2
145I,53,92,8069,3
145Xe,54,91,8135.0877,0.0771
145Cs,55,90,8188.7342,0.0625
145Ba,56,89,8234.7991,0.0585
145La,57,88,8266.0873,0.0846
145Ce,58,87,8289.8762,0.2338
145Pr,59,86,8302.1285,0.0493
145Nd,60,85,8309.1883,0.0088
145Pm,61,84,8302.6583,0.0193
145Sm,62,83,8293.0139,0.0102
145Eu,63,82,8269.2744,0.0211
145Gd,64,81,8228.9485,0.136
145Tb,65,80,8178.5397,0.7648
145Dy,66,79,8116.8884,0.045
145Ho,67,78,8048.5792,0.0514
145Er,68,77,7975,1
145Tm,69,76,7889,1
146I,53,93,8031,2
146Xe,54,92,8110.4154,0.1659
146Cs,55,91,8155.4365,0.0198
146Ba,56,90,8215.5293,0.0121
146La,57,89,8239.9988,0.0115
146Ce,58,88,8278.5081,0.1004
146Pr,59,87,8280.325,0.2353
146Nd,60,86,8304.0927,0.0087
146Pm,61,85,8288.655,0.0293
146Sm,62,84,8293.8581,0.0209
146Eu,63,83,8261.9327,0.0412
146Gd,64,82,8249.5072,0.0279
146Tb,65,81,8187.1474,0.3073
146Dy,66,80,8146.1128,0.0459
146Ho,67,79,8063.2426,0.0451
146Er,68,78,8010.5127,0.0459
146Tm,69,77,7914,1
147I,53,94,8001,2
147Xe,54,93,8072,1
147Cs,55,92,8131.801,0.057
147Ba,56,91,8183.2405,0.1343
147La,57,90,8221.5536,0.0729
147Ce,58,89,8252.5274,0.0584
147Pr,59,88,8270.54,0.1079
147Nd,60,87,8283.6036,0.0087
147Pm,61,86,8284.3712,0.0088
147Sm,62,85,8280.5734,0.0086
147Eu,63,84,8263.5409,0.0175
147Gd,64,83,8243.3366,0.0128
147Tb,65,82,8206.625,0.0551
147Dy,66,81,8156.768,0.0602
147Ho,67,80,8094.0381,0.034
147Er,68,79,8026.476,0.2598
147Tm,69,78,7948.8178,0.0465
148Xe,54,94,8047,2
148Cs,55,93,8097.5469,0.0881
148Ba,56,92,8164.1118,0.0101
148La,57,91,8193.7165,0.1315
148Ce,58,90,8240.3876,0.0756
148Pr,59,89,8249.5409,0.1016
148Nd,60,88,8277.1778,0.0139
148Pm,61,87,8268.2283,0.0384
148Sm,62,86,8279.6326,0.0084
148Eu,63,85,8253.8155,0.0673
148Gd,64,84,8248.3398,0.0099
148Tb,65,83,8204.3207,0.0842
148Dy,66,82,8180.943,0.0589
148Ho,67,81,8108.9797,0.5664
148Er,68,80,8059.6924,0.0692
148Tm,69,79,7968.5011,0.0692
148Yb,70,78,7906,3
149Xe,54,95,8009,2
149Cs,55,94,8073,3
149Ba,56,93,8131.8495,0.0169
149La,57,92,8176.1915,1.344
149Ce,58,91,8214.2294,0.0688
149Pr,59,90,8238.304,0.0663
149Nd,60,89,8255.4437,0.0138
149Pm,61,88,8261.5277,0.0147
149Sm,62,87,8263.4683,0.0078
149Eu,63,86,8253.556,0.0262
149Gd,64,85,8239.4856,0.0222
149Tb,65,84,8209.8153,0.0244
149Dy,66,83,8179.0972,0.0616
149Ho,67,82,8133.255,0.0804
149Er,68,81,8074.9558,0.1875
149Tm,69,80,8004,1
149Yb,70,79,7927,2
150Xe,54,96,7983,2
150Cs,55,95,8039,3
150Ba,56,94,8111.8405,0.0379
150La,57,93,8149.4339,0.0168
150Ce,58,92,8201.123,0.078
150Pr,59,91,8218.9316,0.0601
150Nd,60,90,8249.5789,0.0075
150Pm,61,89,8243.8125,0.1335
150Sm,62,88,8261.6235,0.0074
150Eu,63,87,8241.3481,0.0415
150Gd,64,86,8242.6103,0.0404
150Tb,65,85,8206.3396,0.0491
150Dy,66,84,8189.1495,0.0288
150Ho,67,83,8134.8423,0.0945
150Er,68,82,8102.1962,0.1146
150Tm,69,81,8021,1
150Yb,70,80,7965,2
150Lu,71,79,7866,2
151Cs,55,96,8013,3
151Ba,56,95,8079,3
151La,57,94,8129.0436,2.8839
151Ce,58,93,8176.2779,0.1172
151Pr,59,92,8207.8824,0.0772
151Nd,60,91,8230.2741,0.0075
151Pm,61,90,8241.2723,0.0305
151Sm,62,89,8243.9735,0.0074
151Eu,63,88,8239.2998,0.0077
151Gd,64,87,8231.0446,0.0198
151Tb,65,86,8208.8743,0.0271
151Dy,66,85,8184.6789,0.0215
151Ho,67,84,8145.5267,0.055
151Er,68,83,8104.8723,0.1091
151Tm,69,82,8050.0576,0.1283
151Yb,70,81,7983.7556,1.99
151Lu,71,80,7904,2
152Cs,55,97,7980,3
152Ba,56,96,8057,3
152La,57,95,8102,2
152Ce,58,94,8161,1
152Pr,59,93,8187.1049,0.122
152Nd,60,92,8224.0078,0.161
152Pm,61,91,8226.1293,0.1704
152Sm,62,90,8244.0645,0.0067
152Eu,63,89,8226.5854,0.0077
152Gd,64,88,8233.4042,0.0066
152Tb,65,87,8202.0072,0.2632
152Dy,66,86,8192.9171,0.0302
152Ho,67,85,8144.9193,0.0824
152Er,68,84,8119.3485,0.0581
152Tm,69,83,8056.4387,0.3554
152Yb,70,82,8015.4371,0.9849
152Lu,71,81,7926,1
153Ba,56,97,8023,3
153La,57,96,8081,2
153Ce,58,95,8134,1
153Pr,59,94,8172.0371,0.0777
153Nd,60,93,8204.5832,0.018
153Pm,61,92,8221.1536,0.0592
153Sm,62,91,8228.5373,0.0067
153Eu,63,90,8228.7011,0.0077
153Gd,64,89,8220.4209,0.0066
153Tb,65,88,8205.0504,0.0258
153Dy,66,87,8185.7514,0.0262
153Ho,67,86,8153.6372,0.0331
153Er,68,85,8118.8154,0.0607
153Tm,69,84,8071.2571,0.0783
153Yb,70,83,8022,1
153Lu,71,82,7959.0882,0.9805
153Hf,72,81,7882,2
154Ba,56,98,8001,3
154La,57,97,8051,2
154Ce,58,96,8116,1
154Pr,59,95,8147.2994,0.6494
154Nd,60,94,8192.3491,0.0067
154Pm,61,93,8204.717,0.1625
154Sm,62,92,8226.8379,0.0085
154Eu,63,91,8217.1006,0.0077
154Gd,64,90,8224.7996,0.0065
154Tb,65,89,8196.6697,0.2942
154Dy,66,88,8193.1305,0.0483
154Ho,67,87,8150.6825,0.0534
154Er,68,86,8132.3919,0.0322
154Tm,69,85,8074.209,0.0936
154Yb,70,84,8039.9402,0.1122
154Lu,71,83,7968,1
154Hf,72,82,7918,2
155La,57,98,8028,3
155Ce,58,97,8087,2
155Pr,59,96,8131.0398,0.111
155Nd,60,95,8170.305,0.0591
155Pm,61,94,8195.2977,0.0304
155Sm,62,93,8211.2258,0.0086
155Eu,63,92,8216.676,0.0081
155Gd,64,91,8213.2541,0.0063
155Tb,65,90,8202.9173,0.0634
155Dy,66,89,8184.357,0.0622
155Ho,67,88,8159.2055,0.1127
155Er,68,87,8129.4444,0.0392
155Tm,69,86,8088.376,0.064
155Yb,70,85,8043.8234,0.1071
155Lu,71,84,7987.4369,0.1242
155Hf,72,83,7929,2
155Ta,73,82,7858,2
156La,57,99,7997,3
156Ce,58,98,8068,2
156Pr,59,97,8105.2337,0.0066
156Nd,60,96,8156.3265,0.0084
156Pm,61,95,8176.7263,0.0076
156Sm,62,94,8205.0054,0.0546
156Eu,63,93,8204.6192,0.0226
156Gd,64,92,8215.3253,0.0063
156Tb,65,91,8194.6415,0.0242
156Dy,66,90,8192.4366,0.0063
156Ho,67,89,8155.428,0.2463
156Er,68,88,8141.9084,0.1579
156Tm,69,87,8089.6032,0.0915
156Yb,70,86,8061.7107,0.0597
156Lu,71,85,7995.3752,0.3469
156Hf,72,84,7952.6676,0.9599
156Ta,73,83,7872,2
157La,57,100,7972,2
157Ce,58,99,8037,3
157Pr,59,98,8085.817,0.0202
157Nd,60,97,8132.1671,0.0136
157Pm,61,96,8164.1458,0.0446
157Sm,62,95,8187.0642,0.0282
157Eu,63,94,8199.7975,0.027
157Gd,64,93,8203.5072,0.0062
157Tb,65,92,8198.1416,0.0065
157Dy,66,91,8184.6287,0.0328
157Ho,67,90,8163.1373,0.1495
157Er,68,89,8136.3757,0.1688
157Tm,69,88,8101.4285,0.178
157Yb,70,87,8062.7551,0.0695
157Lu,71,86,8013.3128,0.0769
157Hf,72,85,7960,1
157Ta,73,84,7896.0608,0.9557
157W,74,83,7828,3
158Ce,58,100,8015,3
158Pr,59,99,8059,2
158Nd,60,98,8114.9529,0.0083
158Pm,61,97,8143.3622,0.0056
158Sm,62,96,8177.3075,0.0303
158Eu,63,95,8185.132,0.0129
158Gd,64,94,8201.8229,0.0062
158Tb,65,93,8189.1556,0.008
158Dy,66,92,8190.1298,0.0148
158Ho,67,91,8158.4709,0.1716
158Er,68,90,8147.927,0.1596
158Tm,69,89,8101.1994,0.1596
158Yb,70,88,8079.1999,0.0505
158Lu,71,87,8018.5685,0.0957
158Hf,72,86,7981.2764,0.1107
158Ta,73,85,7907,1
158W,74,84,7855,2
159Ce,58,101,7983,3
159Pr,59,100,8037,3
159Nd,60,99,8088.8224,0.1875
159Pm,61,98,8126.8601,0.0631
159Sm,62,97,8157.4963,0.0373
159Eu,63,96,8176.6987,0.0272
159Gd,64,95,8187.6177,0.0062
159Tb,65,94,8188.8025,0.0069
159Dy,66,93,8181.5842,0.0091
159Ho,67,92,8165.1066,0.0192
159Er,68,91,8142.7742,0.0229
159Tm,69,90,8112.7549,0.1758
159Yb,70,89,8078.0428,0.1106
159Lu,71,88,8034.6009,0.2369
159Hf,72,87,7986.561,0.1057
159Ta,73,86,7928.7258,0.1238
159W,74,85,7867,2
159Re,75,84,7795,2
160Pr,59,101,8009,2
160Nd,60,100,8069.9662,0.2911
160Pm,61,99,8103.6398,0.0128
160Sm,62,98,8144.6159,0.0122
160Eu,63,97,8160.103,0.0057
160Gd,64,96,8183.0171,0.007
160Tb,65,95,8177.4676,0.0069
160Dy,66,94,8184.0526,0.0044
160Ho,67,93,8158.6004,0.0939
160Er,68,92,8151.7217,0.1515
160Tm,69,91,8110.8124,0.2043
160Yb,70,90,8092.5614,0.0343
160Lu,71,89,8038.3387,0.3551
160Hf,72,88,8006.3791,0.0596
160Ta,73,87,7938.2704,0.3395
160W,74,86,7892.7893,0.9363
160Re,75,85,7810,2
161Pr,59,102,7986,3
161Nd,60,101,8042,2
161Pm,61,100,8085.9977,0.0561
161Sm,62,99,8122.0418,0.0423
161Eu,63,98,8148.981,0.0646
161Gd,64,97,8167.1934,0.0093
161Tb,65,96,8174.4809,0.0076
161Dy,66,95,8173.3093,0.0043
161Ho,67,94,8163.1134,0.0134
161Er,68,93,8145.8628,0.0545
161Tm,69,92,8120.4906,0.1736
161Yb,70,91,8090.3861,0.0938
161Lu,71,90,8052.7821,0.1736
161Hf,72,89,8009.1245,0.1457
161Ta,73,88,7957.45,0.1514
161W,74,87,7901,1
161Re,75,86,7836.3292,0.9311
161Os,76,85,7765,2
162Nd,60,102,8022,2
162Pm,61,101,8061,2
162Sm,62,100,8107.5745,0.0218
162Eu,63,99,8129.5593,0.0081
162Gd,64,98,8159.0373,0.0245
162Tb,65,97,8164.0773,0.0127
162Dy,66,96,8173.4555,0.0043
162Ho,67,95,8155.4126,0.0192
162Er,68,94,8152.3959,0.0047
162Tm,69,93,8117.5868,0.1609
162Yb,70,92,8102.5333,0.0932
162Lu,71,91,8054.5596,0.4632
162Hf,72,90,8027.1171,0.0553
162Ta,73,89,7964.3432,0.3909
162W,74,88,7923.8214,0.109
162Re,75,87,7848,1
162Os,76,86,7794,2
163Nd,60,103,7992,3
163Pm,61,102,8042,2
163Sm,62,101,8084.1653,0.0451
163Eu,63,100,8116.0172,0.0056
163Gd,64,99,8140.756,0.0049
163Tb,65,98,8155.6322,0.0249
163Dy,66,97,8161.784,0.0043
163Ho,67,96,8156.967,0.0043
163Er,68,95,8144.7403,0.0284
163Tm,69,94,8124.9774,0.0338
163Yb,70,93,8099.1069,0.0927
163Lu,71,92,8066.6848,0.1714
163Hf,72,91,8028.0072,0.1576
163Ta,73,90,7981.8905,0.2335
163W,74,89,7930.3043,0.3584
163Re,75,88,7870.8655,0.1137
163Os,76,87,7807,2
163Ir,77,86,7734,2
164Pm,61,103,8014,2
164Sm,62,102,8067.7803,0.025
164Eu,63,101,8095.3686,0.0126
164Gd,64,100,8129.9978,0.0061
164Tb,65,99,8139.9304,0.0114
164Dy,66,98,8158.7129,0.0042
164Ho,67,97,8147.9234,0.0085
164Er,68,96,8149.0191,0.0043
164Tm,69,95,8119.6534,0.1525
164Yb,70,94,8109.4149,0.0921
164Lu,71,93,8065.8043,0.1704
164Hf,72,92,8043.8142,0.0964
164Ta,73,91,7986.9978,0.1704
164W,74,90,7951.4515,0.059
164Re,75,89,7881.0523,0.3326
164Os,76,88,7833.308,0.914
164Ir,77,87,7750,2
165Pm,61,104,7992,3
165Sm,62,103,8041,2
165Eu,63,102,8080.0529,0.0316
165Gd,64,101,8110.4428,0.0079
165Tb,65,100,8130.3259,0.0093
165Dy,66,99,8143.9083,0.0042
165Ho,67,98,8146.9591,0.0048
165Er,68,97,8139.9348,0.0056
165Tm,69,96,8125.5489,0.0101
165Yb,70,95,8104.8399,0.1608
165Lu,71,94,8076.746,0.1608
165Hf,72,93,8042.8728,0.1694
165Ta,73,92,8003.0547,0.0823
165W,74,91,7955.9704,0.1561
165Re,75,90,7901.5201,0.143
165Os,76,89,7843,1
165Ir,77,88,7776,1
165Pt,78,87,7703,2
166Sm,62,104,8023,2
166Eu,63,103,8056,1
166Gd,64,102,8097.226,0.0095
166Tb,65,101,8113.223,0.0088
166Dy,66,100,8137.2793,0.0048
166Ho,67,99,8135.4933,0.0047
166Er,68,98,8141.9479,0.002
166Tm,69,97,8118.9357,0.0696
166Yb,70,96,8112.4591,0.0422
166Lu,71,95,8074.1756,0.1796
166Hf,72,94,8056.4386,0.1683
166Ta,73,93,8004.9714,0.1683
166W,74,92,7974.8951,0.057
166Re,75,91,7909.6392,0.5316
166Os,76,90,7866.3371,0.1082
166Ir,77,89,7789,1
166Pt,78,88,7733,2
167Sm,62,105,7992,3
167Eu,63,104,8038,2
167Gd,64,103,8075.5428,0.0312
167Tb,65,102,8101.441,0.0116
167Dy,66,101,8120.8782,0.024
167Ho,67,100,8130.3732,0.0311
167Er,68,99,8131.7352,0.0017
167Tm,69,98,8122.5826,0.0075
167Yb,70,97,8106.202,0.0237
167Lu,71,96,8083.1722,0.2231
167Hf,72,95,8054.185,0.1673
167Ta,73,94,8018.8614,0.1673
167W,74,93,7976.7045,0.112
167Re,75,92,7929,
167Os,76,91,7873.9557,0.4844
167Ir,77,90,7812.8254,0.1099
167Pt,78,89,7746,2
168Sm,62,106,7971,2
168Eu,63,105,8012,2
168Gd,64,104,8060,2
168Tb,65,103,8082.798,0.025
168Dy,66,102,8112.5293,0.8334
168Ho,67,101,8116.8061,0.1786
168Er,68,100,8129.5897,0.0016
168Tm,69,99,8114.9516,0.01
168Yb,70,98,8111.887,0.0006
168Lu,71,97,8080.4026,0.226
168Hf,72,96,8065.5536,0.1663
168Ta,73,95,8019.4287,0.1663
168W,74,94,7993.9327,0.0789
168Re,75,93,7935.1208,0.1835
168Os,76,92,7895.9408,0.0589
168Ir,77,91,7823.8509,0.3287
168Pt,78,90,7773.6217,0.8925
168Au,79,89,7688,2
169Eu,63,106,7991,3
169Gd,64,105,8035,2
169Tb,65,104,8069,2
169Dy,66,103,8094.7566,1.7791
169Ho,67,102,8109.0622,0.1186
169Er,68,101,8117.0078,0.0018
169Tm,69,100,8114.4702,0.0044
169Yb,70,99,8104.5206,0.0011
169Lu,71,98,8086.3233,0.0178
169Hf,72,97,8061.7791,0.1654
169Ta,73,96,8030.9577,0.1654
169W,74,95,7994.5381,0.0913
169Re,75,94,7951.3963,0.0673
169Os,76,93,7901.2862,0.1535
169Ir,77,92,7845.5944,0.1379
169Pt,78,91,7784,1
169Au,79,90,7716,2
170Eu,63,107,7963,3
170Gd,64,106,8017,3
170Tb,65,105,8047,2
170Dy,66,104,8084,1
170Ho,67,103,8093.7902,0.2942
170Er,68,102,8111.9529,0.0082
170Tm,69,101,8105.5144,0.0043
170Yb,70,100,8106.6101,0.0003
170Lu,71,99,8081.6686,0.0991
170Hf,72,98,8070.8762,0.1644
170Ta,73,97,8030.2965,0.1644
170W,74,96,8008.9482,0.0776
170Re,75,95,7955.012,0.0672
170Os,76,94,7921.1258,0.0574
170Ir,77,93,7853,1
170Pt,78,92,7808.2365,0.1073
170Au,79,91,7730,1
170Hg,80,90,7671,2
171Gd,64,107,7990,3
171Tb,65,106,8030,2
171Dy,66,105,8062,1
171Ho,67,104,8083.6021,3.5088
171Er,68,103,8097.7404,0.0082
171Tm,69,102,8101.8931,0.0057
171Yb,70,101,8097.8826,0.0003
171Lu,71,100,8084.6621,0.0109
171Hf,72,99,8066.0687,0.1689
171Ta,73,98,8039.7914,0.1634
171W,74,97,8008.1158,0.1634
171Re,75,96,7969.4131,0.1634
171Os,76,95,7924.1769,0.1067
171Ir,77,94,7873.4895,0.2249
171Pt,78,93,7816.6017,0.4734
171Au,79,92,7754.1069,0.1211
171Hg,80,91,7686,2
172Gd,64,108,7972,2
172Tb,65,107,8006,3
172Dy,66,106,8049,2
172Ho,67,105,8066,1
172Er,68,104,8090.4052,0.023
172Tm,69,103,8091.0367,0.0319
172Yb,70,102,8097.4295,0.0003
172Lu,71,101,8078.2334,0.0136
172Hf,72,100,8071.7439,0.142
172Ta,73,99,8037.7056,0.1625
172W,74,98,8020.1757,0.1625
172Re,75,97,7971.846,0.2068
172Os,76,96,7942.1626,0.0742
172Ir,77,95,7880.2637,0.1884
172Pt,78,94,7839.246,0.0603
172Au,79,93,7766.1587,0.3265
172Hg,80,92,7713.6064,0.8725
173Tb,65,108,7988,3
173Dy,66,107,8026,2
173Ho,67,106,8054,2
173Er,68,105,8074,1
173Tm,69,104,8084.4633,0.0254
173Yb,70,103,8087.4276,0.0003
173Lu,71,102,8079.0312,0.0091
173Hf,72,101,8066.0164,0.1615
173Ta,73,100,8044.065,0.1615
173W,74,99,8018.3337,0.1615
173Re,75,98,7983.9068,0.1615
173Os,76,97,7944.0341,0.0865
173Ir,77,96,7898.068,0.0609
173Pt,78,95,7845.3856,0.3667
173Au,79,94,7788.2348,0.1317
173Hg,80,93,7725,1
174Tb,65,109,7963,3
174Dy,66,108,8011,3
174Ho,67,107,8034,2
174Er,68,106,8064,2
174Tm,69,105,8070.6432,0.257
174Yb,70,104,8083.8481,0.0003
174Lu,71,103,8071.454,0.009
174Hf,72,102,8068.5341,0.013
174Ta,73,101,8040.4528,0.1606
174W,74,100,8027.2572,0.1606
174Re,75,99,7985.0944,0.1606
174Os,76,98,7959.4618,0.0589
174Ir,77,97,7902.0377,0.0645
174Pt,78,96,7866.1143,0.0594
174Au,79,95,7797,1
174Hg,80,94,7749.7851,0.1104
175Dy,66,109,7986,3
175Ho,67,108,8019,2
175Er,68,107,8045,2
175Tm,69,106,8061.7673,0.2857
175Yb,70,105,8070.9253,0.0005
175Lu,71,104,8069.1412,0.0069
175Hf,72,103,8060.7625,0.013
175Ta,73,102,8044.4456,0.1597
175W,74,101,8024.113,0.1597
175Re,75,100,7994.8168,0.1597
175Os,76,99,7960.7294,0.0673
175Ir,77,98,7917.9112,0.0708
175Pt,78,97,7869.5216,0.1064
175Au,79,96,7817.5939,0.2204
175Hg,80,95,7759.2134,0.4633
176Dy,66,110,7969,3
176Ho,67,109,7997,3
176Er,68,108,8034,2
176Tm,69,107,8045.1214,0.5682
176Yb,70,106,8064.0853,0.0003
176Lu,71,105,8059.0209,0.0069
176Hf,72,104,8061.3604,0.0084
176Ta,73,103,8038.6706,0.1747
176W,74,102,8030.1131,0.1588
176Re,75,101,7993.9707,0.1588
176Os,76,100,7972.8681,0.0622
176Ir,77,99,7921.5522,0.0459
176Pt,78,98,7888.9934,0.0722
176Au,79,97,7825.3837,0.1885
176Hg,80,96,7782.664,0.0632
176Tl,81,95,7707.9383,0.4719
177Ho,67,110,7980,3
177Er,68,109,8013,3
177Tm,69,108,8035,1
177Yb,70,107,8049.9741,0.0013
177Lu,71,106,8053.4495,0.0069
177Hf,72,105,8051.8365,0.008
177Ta,73,104,8040.8289,0.0187
177W,74,103,8025.0359,0.1579
177Re,75,102,8001.2229,0.1579
177Os,76,101,7972.4371,0.0826
177Ir,77,100,7934.6328,0.1116
177Pt,78,99,7892.4896,0.0847
177Au,79,98,7843.8623,0.0563
177Hg,80,97,7789.8947,0.4787
177Tl,81,96,7732.1655,0.1222
178Ho,67,111,7957,3
178Er,68,110,7999,3
178Tm,69,109,8017,2
178Yb,70,108,8042.7386,0.037
178Lu,71,107,8042.0554,0.0127
178Hf,72,106,8049.4438,0.008
178Ta,73,105,8035,
178W,74,104,8029.2584,0.0854
178Re,75,103,7998.1576,0.157
178Os,76,102,7981.9128,0.0766
178Ir,77,101,7936.563,0.1057
178Pt,78,100,7908.253,0.0569
178Au,79,99,7849.3946,0.0576
178Hg,80,98,7811.3607,0.0604
178Tl,81,97,7741,1
178Pb,82,96,7690.8359,0.1302
179Er,68,111,7976,3
179Tm,69,110,8004,2
179Yb,70,109,8026,1
179Lu,71,108,8035.0744,0.0288
179Hf,72,107,8038.5474,0.0079
179Ta,73,106,8033.5869,0.0082
179W,74,105,8023.2821,0.0814
179Re,75,104,8003.7666,0.1376
179Os,76,103,7979.4844,0.0866
179Ir,77,102,7947.5248,0.0546
179Pt,78,101,7910.6759,0.0446
179Au,79,100,7865.6374,0.0653
179Hg,80,99,7816.2631,0.1571
179Tl,81,98,7763.4942,0.2159
179Pb,82,97,7701.463,0.4538
180Er,68,112,7960,3
180Tm,69,111,7983,2
180Yb,70,110,8016,2
180Lu,71,109,8022.0394,0.3929
180Hf,72,108,8034.9319,0.0079
180Ta,73,107,8025.8864,0.0115
180W,74,106,8025.4434,0.008
180Re,75,105,7999.9922,0.1188
180Os,76,104,7987.4171,0.0873
180Ir,77,103,7947.6337,0.1206
180Pt,78,102,7923.5781,0.0558
180Au,79,101,7870.3194,0.0264
180Hg,80,100,7836.1111,0.0702
180Tl,81,99,7771.431,0.3884
180Pb,82,98,7725.6993,0.0689
181Tm,69,112,7969,3
181Yb,70,111,7996,2
181Lu,71,110,8011.9301,0.6948
181Hf,72,109,8022.003,0.0079
181Ta,73,108,8023.405,0.0087
181W,74,107,8017.9494,0.008
181Re,75,106,8004.1434,0.0693
181Os,76,105,7983.4263,0.14
181Ir,77,104,7956.5242,0.029
181Pt,78,103,7924.1271,0.0756
181Au,79,102,7883.8359,0.1104
181Hg,80,101,7839.6792,0.085
181Tl,81,100,7791.9183,0.0503
181Pb,82,99,7734.0704,0.4698
182Tm,69,113,7948,3
182Yb,70,112,7984,2
182Lu,71,111,7996,1
182Hf,72,110,8014.8381,0.0339
182Ta,73,109,8012.6332,0.0087
182W,74,108,8018.3096,0.0041
182Re,75,107,7998.6264,0.5603
182Os,76,106,7989.7287,0.1195
182Ir,77,105,7954.8948,0.1152
182Pt,78,104,7934.7541,0.0719
182Au,79,103,7887.2442,0.1031
182Hg,80,102,7856.9726,0.0538
182Tl,81,101,7796.3571,0.0658
182Pb,82,100,7756.3296,0.0664
183Yb,70,113,7963,2
183Lu,71,112,7984.8125,0.4378
183Hf,72,111,8000.0315,0.1642
183Ta,73,110,8006.74,0.0087
183W,74,109,8008.3234,0.0041
183Re,75,108,8001.0101,0.0439
183Os,76,107,7985.0087,0.272
183Ir,77,106,7961.8176,0.1348
183Pt,78,105,7933.3406,0.0777
183Au,79,104,7898.5644,0.0515
183Hg,80,103,7859.3885,0.0387
183Tl,81,102,7815.6741,0.051
183Pb,82,101,7762.179,0.1584
184Yb,70,114,7951,3
184Lu,71,113,7967,1
184Hf,72,112,7990.7228,0.2158
184Ta,73,111,7993.7535,0.1414
184W,74,110,8005.0777,0.004
184Re,75,109,7992.7517,0.0232
184Os,76,108,7988.6778,0.0045
184Ir,77,107,7959.1992,0.1519
184Pt,78,106,7942.5649,0.0801
184Au,79,105,7900.1947,0.1211
184Hg,80,104,7874.3454,0.0518
184Tl,81,103,7818.6727,0.0544
184Pb,82,102,7782.7264,0.0696
184Bi,83,101,7712,1
185Yb,70,115,7929,3
185Lu,71,114,7955,2
185Hf,72,113,7973.9711,0.3474
185Ta,73,112,7986.3615,0.0765
185W,74,111,7992.9083,0.004
185Re,75,110,7991.0101,0.0044
185Os,76,109,7981.3047,0.0045
185Ir,77,108,7963.7226,0.1511
185Pt,78,107,7939.7779,0.1396
185Au,79,106,7909.441,0.0141
185Hg,80,105,7874.5391,0.0737
185Tl,81,104,7835.5756,0.1118
185Pb,82,103,7786.933,0.0874
185Bi,83,102,7732,
186Lu,71,115,7936,2
186Hf,72,114,7964.3032,0.2754
186Ta,73,113,7971.8357,0.3226
186W,74,112,7988.6026,0.0065
186Re,75,111,7981.2713,0.0044
186Os,76,110,7982.8324,0.0041
186Ir,77,109,7958.0473,0.0888
186Pt,78,108,7946.8094,0.1169
186Au,79,107,7909.5409,0.1127
186Hg,80,106,7888.2605,0.0626
186Tl,81,105,7837.5161,0.1116
186Pb,82,104,7805.342,0.0592
186Bi,83,103,7739.1175,0.0911
186Po,84,102,7695.9488,0.0983
187Lu,71,116,7923,2
187Hf,72,115,7947,1
187Ta,73,114,7963.2123,0.2989
187W,74,113,7975.1168,0.0065
187Re,75,112,7977.9519,0.0039
187Os,76,111,7973.7814,0.0039
187Ir,77,110,7960.6692,0.1494
187Pt,78,109,7941.1699,0.1287
187Au,79,108,7917.4323,0.1203
187Hg,80,107,7886.9905,0.0688
187Tl,81,106,7852.465,0.043
187Pb,82,105,7808.401,0.0272
187Bi,83,104,7758.2083,0.0535
187Po,84,103,7704.7889,0.1745
188Lu,71,117,7903,2
188Hf,72,116,7936,2
188Ta,73,115,7948,1
188W,74,114,7969.0532,0.0164
188Re,75,113,7966.7481,0.0039
188Os,76,112,7973.8656,0.0039
188Ir,77,111,7954.8512,0.0501
188Pt,78,110,7947.9027,0.0282
188Au,79,109,7914.7537,0.0144
188Hg,80,108,7899.034,0.0361
188Tl,81,107,7853.0537,0.1591
188Pb,82,106,7824.8211,0.0539
188Bi,83,105,7764.1904,0.0595
188Po,84,104,7724.6544,0.1062
189Hf,72,117,7917,2
189Ta,73,116,7938,1
189W,74,115,7954,1
189Re,75,114,7961.8105,0.0433
189Os,76,113,7963.0029,0.0035
189Ir,77,112,7956.0214,0.0665
189Pt,78,111,7941.4045,0.0534
189Au,79,110,7921.9876,0.1063
189Hg,80,109,7896.9192,0.1669
189Tl,81,108,7866.2704,0.0443
189Pb,82,107,7826.2999,0.0744
189Bi,83,106,7780.9999,0.1103
189Po,84,105,7731.1321,0.1167
190Hf,72,118,7905,2
190Ta,73,117,7922,1
190W,74,116,7947.5031,0.1863
190Re,75,115,7949.7759,0.0256
190Os,76,114,7962.1047,0.0034
190Ir,77,113,7947.7017,0.0072
190Pt,78,112,7946.4941,0.0035
190Au,79,111,7918.8345,0.0181
190Hg,80,110,7907.0174,0.0837
190Tl,81,109,7866.0345,0.0382
190Pb,82,108,7841.1294,0.0659
190Bi,83,107,7785.3239,0.1104
190Po,84,106,7749.4526,0.0693
191Ta,73,118,7911,2
191W,74,117,7931.4359,0.2195
191Re,75,116,7943.9588,0.0537
191Os,76,115,7950.5687,0.0035
191Ir,77,114,7948.1144,0.0069
191Pt,78,113,7938.7279,0.0216
191Au,79,112,7924.6819,0.0258
191Hg,80,111,7903.8002,0.1167
191Tl,81,110,7877.1445,0.0385
191Pb,82,109,7841.6782,0.0346
191Bi,83,108,7800.6613,0.0392
191Po,84,107,7753.7871,0.0372
191At,85,106,7702.9233,0.0843
192Ta,73,119,7894,2
192W,74,118,7924,1
192Re,75,117,7930.2389,0.3687
192Os,76,116,7948.526,0.0121
192Ir,77,115,7938.9999,0.0068
192Pt,78,114,7942.4923,0.0134
192Au,79,113,7920.1033,0.0824
192Hg,80,112,7912.0666,0.0809
192Tl,81,111,7876.0167,0.165
192Pb,82,110,7854.6482,0.0298
192Bi,83,109,7803.6084,0.1568
192Po,84,108,7771.0542,0.0554
192At,85,107,7709.7283,0.1452
193Ta,73,120,7883,2
193W,74,119,7907,1
193Re,75,118,7923.9378,0.2027
193Os,76,117,7936.2716,0.012
193Ir,77,116,7938.1346,0.0069
193Pt,78,115,7933.7875,0.007
193Au,79,114,7924.1648,0.0449
193Hg,80,113,7907.973,0.0803
193Tl,81,112,7885.3445,0.0348
193Pb,82,111,7854.0994,0.0533
193Bi,83,110,7817.1718,0.0393
193Po,84,109,7773.951,0.0753
193At,85,108,7727.1099,0.1121
193Rn,86,107,7675.853,0.1301
194Ta,73,121,7865,3
194W,74,120,7899,2
194Re,75,119,7909,1
194Os,76,118,7932.0232,0.0124
194Ir,77,117,7928.4885,0.0069
194Pt,78,116,7935.942,0.0026
194Au,79,115,7918.7744,0.0109
194Hg,80,114,7914.5974,0.0149
194Tl,81,113,7883.5211,0.072
194Pb,82,112,7865.4181,0.0899
194Bi,83,111,7819.1955,0.0271
194Po,84,110,7789.2947,0.0666
194At,85,109,7732.2304,0.1211
194Rn,86,108,7694.9961,0.0859
195W,74,121,7881,2
195Re,75,120,7901,2
195Os,76,119,7917.7449,0.2866
195Ir,77,118,7924.916,0.0068
195Pt,78,117,7926.553,0.0026
195Au,79,116,7921.3778,0.0057
195Hg,80,115,7909.398,0.1187
195Tl,81,114,7890.7293,0.0571
195Pb,82,113,7864.0647,0.0261
195Bi,83,112,7830.7579,0.0271
195Po,84,111,7791.3155,0.031
195At,85,110,7748.0914,0.0491
195Rn,86,109,7700.3841,0.2651
196W,74,122,7872,2
196Re,75,121,7886,2
196Os,76,120,7912.2301,0.2044
196Ir,77,119,7914.1487,0.196
196Pt,78,118,7926.5297,0.0026
196Au,79,117,7914.8553,0.0151
196Hg,80,116,7914.37,0.015
196Tl,81,115,7888.29,0.0618
196Pb,82,114,7873.3374,0.0393
196Bi,83,113,7831.9009,0.1246
196Po,84,112,7804.7445,0.0275
196At,85,111,7752.0001,0.1543
196Rn,86,110,7717.966,0.0717
197W,74,123,7853,2
197Re,75,122,7877,2
197Os,76,121,7897,1
197Ir,77,120,7909.0003,0.1021
197Pt,78,119,7915.9714,0.0027
197Au,79,118,7915.6548,0.0028
197Hg,80,117,7908.6402,0.0163
197Tl,81,116,7893.5725,0.0689
197Pb,82,115,7871.2822,0.0244
197Bi,83,114,7841.6348,0.0423
197Po,84,113,7805.7136,0.0501
197At,85,112,7766.0174,0.0405
197Rn,86,111,7722.119,0.0822
197Fr,87,110,7673.764,0.2865
198Re,75,123,7861,2
198Os,76,122,7890,1
198Ir,77,121,7897,1
198Pt,78,120,7914.1512,0.0106
198Au,79,119,7908.5675,0.0027
198Hg,80,118,7911.5532,0.0023
198Tl,81,117,7890.3011,0.0381
198Pb,82,116,7878.9695,0.0442
198Bi,83,115,7841.2123,0.1392
198Po,84,114,7817.5611,0.088
198At,85,113,7769.3446,0.0248
198Rn,86,112,7737.7245,0.0678
198Fr,87,111,7679.1873,0.1572
199Re,75,124,7850,2
199Os,76,123,7874,1
199Ir,77,122,7891.2066,0.2063
199Pt,78,121,7902.3011,0.0109
199Au,79,120,7906.9379,0.0027
199Hg,80,119,7905.2794,0.0027
199Tl,81,118,7893.8773,0.1404
199Pb,82,117,7875.7366,0.0343
199Bi,83,116,7849.5232,0.0533
199Po,84,115,7817.6582,0.0273
199At,85,114,7781.4883,0.0271
199Rn,86,113,7741.0568,0.0367
199Fr,87,112,7695.2599,0.069
200Os,76,124,7867,1
200Ir,77,123,7878,1
200Pt,78,122,7899.1986,0.1006
200Au,79,121,7898.4915,0.1336
200Hg,80,120,7905.8956,0.0027
200Tl,81,119,7889.7037,0.0288
200Pb,82,118,7881.8101,0.05
200Bi,83,117,7848.4969,0.1135
200Po,84,116,7827.4407,0.0379
200At,85,115,7783.7601,0.1223
200Rn,86,114,7754.9111,0.029
200Fr,87,113,7700.3292,0.1526
201Os,76,125,7849,1
201Ir,77,124,7870,1
201Pt,78,123,7885.8337,0.2493
201Au,79,122,7895.1752,0.016
201Hg,80,121,7897.5607,0.0036
201Tl,81,120,7891.2717,0.0706
201Pb,82,119,7877.8782,0.0684
201Bi,83,118,7854.8713,0.0606
201Po,84,117,7826.5619,0.0246
201At,85,116,7794.1536,0.0407
201Rn,86,115,7757.0174,0.0504
201Fr,87,114,7714.8367,0.0452
201Ra,88,113,7669.4108,0.101
202Os,76,126,7839,2
202Ir,77,125,7855,1
202Pt,78,124,7881.5609,0.1245
202Au,79,123,7885.91,0.1153
202Hg,80,122,7896.8505,0.0035
202Tl,81,121,7886.2206,0.0091
202Pb,82,120,7882.1505,0.0188
202Bi,83,119,7852.5857,0.0693
202Po,84,118,7834.8053,0.0429
202At,85,117,7794.5637,0.1366
202Rn,86,116,7769.3018,0.0867
202Fr,87,115,7719.0125,0.0299
202Ra,88,114,7685.5684,0.0743
203Os,76,127,7814,2
203Ir,77,126,7845,2
203Pt,78,125,7867,1
203Au,79,124,7880.865,0.0152
203Hg,80,123,7887.4828,0.008
203Tl,81,122,7886.053,0.0058
203Pb,82,121,7877.397,0.0323
203Bi,83,120,7857.4762,0.0629
203Po,84,119,7832.8632,0.0229
203At,85,118,7803.6487,0.0523
203Rn,86,117,7770.3437,0.0286
203Fr,87,116,7731.7092,0.0307
203Ra,88,115,7689.8015,0.0477
204Ir,77,127,7823,2
204Pt,78,126,7859,1
204Au,79,125,7868,1
204Hg,80,124,7885.5455,0.0025
204Tl,81,123,7880.0238,0.0057
204Pb,82,122,7879.9326,0.0056
204Bi,83,121,7854.2157,0.045
204Po,84,120,7839.0823,0.0494
204At,85,119,7803.5522,0.1111
204Rn,86,118,7780.5743,0.0365
204Fr,87,117,7734.6931,0.1205
204Ra,88,116,7704.1238,0.0437
205Ir,77,128,7805,2
205Pt,78,127,7836,1
205Au,79,126,7860,1
205Hg,80,125,7874.7325,0.0178
205Tl,81,124,7878.3946,0.006
205Pb,82,123,7874.3313,0.0056
205Bi,83,122,7857.3218,0.0235
205Po,84,121,7836.2168,0.0491
205At,85,120,7810.2694,0.0588
205Rn,86,119,7780.7226,0.0248
205Fr,87,118,7745.687,0.0382
205Ra,88,117,7707.1698,0.1111
205Ac,89,116,7662.8519,0.2894
206Pt,78,128,7820,1
206Au,79,127,7840,1
206Hg,80,126,7869.1723,0.0992
206Tl,81,125,7871.7219,0.0062
206Pb,82,124,7875.362,0.0056
206Bi,83,123,7853.3249,0.0371
206Po,84,122,7840.5973,0.0195
206At,85,121,7808.8904,0.0657
206Rn,86,120,7789.0417,0.0417
206Fr,87,119,7746.9621,0.135
206Ra,88,118,7719.8028,0.0874
206Ac,89,117,7667.8538,0.316
207Pt,78,129,7797,2
207Au,79,128,7824,1
207Hg,80,127,7848.6112,0.144
207Tl,81,126,7866.7979,0.0263
207Pb,82,125,7869.8664,0.0055
207Bi,83,124,7854.5053,0.0116
207Po,84,123,7836.6734,0.0322
207At,85,122,7813.9653,0.0599
207Rn,86,121,7787.9987,0.0229
207Fr,87,120,7756.2689,0.0848
207Ra,88,119,7721.7503,0.2816
207Ac,89,118,7681.1001,0.2717
208Pt,78,130,7780,2
208Au,79,129,7803,1
208Hg,80,128,7834.1914,0.1478
208Tl,81,127,7847.1835,0.0089
208Pb,82,126,7867.453,0.0055
208Bi,83,125,7849.8534,0.0111
208Po,84,124,7839.3568,0.008
208At,85,123,7811.5604,0.0429
208Rn,86,122,7794.2678,0.0489
208Fr,87,121,7756.8985,0.056
208Ra,88,120,7732.0177,0.0434
208Ac,89,119,7684.8289,0.31
208Th,90,118,7652.5716,0.1532
209Au,79,130,7786,2
209Hg,80,129,7813,1
209Tl,81,128,7833.3979,0.0292
209Pb,82,127,7848.6488,0.0084
209Bi,83,126,7847.9869,0.0065
209Po,84,125,7835.1882,0.0085
209At,85,124,7814.7835,0.0227
209Rn,86,123,7792.1755,0.0477
209Fr,87,122,7763.7485,0.055
209Ra,88,121,7733.0177,0.0275
209Ac,89,120,7695.8455,0.2672
209Th,90,119,7656,
210Au,79,131,7764,2
210Hg,80,130,7799,1
210Tl,81,129,7813.589,0.0553
210Pb,82,128,7835.9656,0.0069
210Bi,83,127,7832.5424,0.0065
210Po,84,126,7834.3462,0.0055
210At,85,125,7811.6638,0.0366
210Rn,86,124,7796.6653,0.0217
210Fr,87,123,7763.1243,0.0639
210Ra,88,122,7741.3687,0.0438
210Ac,89,121,7698.0182,0.2962
210Th,90,120,7669.0764,0.09
211Hg,80,131,7777,1
211Tl,81,130,7799.7915,0.1987
211Pb,82,129,7817.0079,0.0107
211Bi,83,128,7819.7745,0.0258
211Po,84,127,7818.7842,0.006
211At,85,126,7811.3545,0.0129
211Rn,86,125,7793.9412,0.0323
211Fr,87,124,7768.3613,0.0568
211Ra,88,123,7741.0887,0.0235
211Ac,89,122,7707.468,0.2548
211Th,90,121,7671.8506,0.4079
211Pa,91,120,7629.3948,0.3293
212Hg,80,132,7762,1
212Tl,81,131,7780,1
212Pb,82,130,7804.3203,0.0087
212Bi,83,129,7803.314,0.0087
212Po,84,128,7810.2438,0.0054
212At,85,127,7798.34,0.0113
212Rn,86,126,7794.7963,0.0147
212Fr,87,125,7766.8455,0.0414
212Ra,88,124,7747.5078,0.0484
212Ac,89,123,7708.4479,0.1032
212Th,90,122,7682.0628,0.0477
212Pa,91,121,7633.6289,0.4132
213Hg,80,133,7739,1
213Tl,81,132,7765.4311,0.1268
213Pb,82,131,7785.1732,0.0326
213Bi,83,130,7791.0217,0.0239
213Po,84,129,7794.024,0.0143
213At,85,128,7790.0036,0.023
213Rn,86,127,7782.1824,0.0158
213Fr,87,126,7768.4543,0.0221
213Ra,88,125,7746.4726,0.0461
213Ac,89,124,7715.5908,0.0548
213Th,90,123,7683.847,0.0433
213Pa,91,122,7644.8027,0.2684
214Hg,80,134,7724,2
214Tl,81,133,7745,1
214Pb,82,132,7772.3955,0.0092
214Bi,83,131,7773.4955,0.0524
214Po,84,130,7785.1163,0.0068
214At,85,129,7776.3632,0.0186
214Rn,86,128,7777.1023,0.0429
214Fr,87,127,7757.7393,0.0398
214Ra,88,126,7749.1719,0.0245
214Ac,89,125,7715.8874,0.0633
214Th,90,124,7692.3173,0.0498
214Pa,91,123,7647.7037,0.3795
215Hg,80,135,7701,2
215Tl,81,134,7730,1
215Pb,82,133,7752.7381,0.245
215Bi,83,132,7761.7177,0.0262
215Po,84,131,7768.1768,0.0099
215At,85,130,7767.8627,0.0308
215Rn,86,129,7763.8164,0.0283
215Fr,87,128,7753.2607,0.0329
215Ra,88,127,7739.3249,0.0335
215Ac,89,126,7719.4137,0.0577
215Th,90,125,7693.0266,0.0295
215Pa,91,124,7657.3733,0.3835
215U,92,123,7620.7821,0.4844
216Hg,80,136,7685,2
216Tl,81,135,7709,1
216Pb,82,134,7740,1
216Bi,83,133,7743.4996,0.0518
216Po,84,132,7758.8205,0.0084
216At,85,131,7753.0024,0.0166
216Rn,86,130,7758.6553,0.0267
216Fr,87,129,7742.4513,0.0193
216Ra,88,128,7737.3458,0.0371
216Ac,89,127,7711.2319,0.0427
216Th,90,126,7697.6617,0.0514
216Pa,91,125,7659.2006,0.1141
216U,92,124,7631.3072,0.1301
217Tl,81,136,7693,2
217Pb,82,135,7719,1
217Bi,83,134,7731.8491,0.0816
217Po,84,133,7741.3614,0.0302
217At,85,132,7744.6172,0.023
217Rn,86,131,7744.4037,0.0193
217Fr,87,130,7737.775,0.0301
217Ra,88,129,7726.9122,0.0325
217Ac,89,128,7710.3448,0.0517
217Th,90,127,7690.5945,0.0489
217Pa,91,126,7664.6438,0.0576
217U,92,125,7634,
218Tl,81,137,7672,2
218Pb,82,136,7705,1
218Bi,83,135,7712.828,0.1239
218Po,84,134,7731.53,0.009
218At,85,133,7729.1175,0.0528
218Rn,86,132,7738.7527,0.0106
218Fr,87,131,7726.7143,0.0194
218Ra,88,130,7725.0241,0.045
218Ac,89,129,7702.145,0.2643
218Th,90,128,7691.6026,0.0482
218Pa,91,127,7659.1935,0.0819
218U,92,126,7640.7191,0.0629
219Pb,82,137,7684,2
219Bi,83,136,7700,1
219Po,84,135,7713.334,0.0723
219At,85,134,7720.197,0.0148
219Rn,86,133,7723.7784,0.0096
219Fr,87,132,7721.1759,0.0314
219Ra,88,131,7714.056,0.0311
219Ac,89,130,7700.5489,0.2351
219Th,90,129,7683.7655,0.2578
219Pa,91,128,7661.3783,0.3183
219U,92,127,7636.2867,0.0609
219Np,93,126,7604.6732,0.4199
220Pb,82,138,7670,2
220Bi,83,137,7681,1
220Po,84,136,7703.2244,0.0804
220At,85,135,7703.7033,0.0635
220Rn,86,134,7717.2552,0.0082
220Fr,87,133,7709.743,0.0183
220Ra,88,132,7711.6879,0.0345
220Ac,89,131,7692.3515,0.0279
220Th,90,130,7684.4964,0.0622
220Pa,91,129,7655.5364,0.0666
220U,92,128,7640,
220Np,93,127,7602.0758,0.1396
221Bi,83,138,7668,1
221Po,84,137,7684.4814,0.0885
221At,85,136,7694.4754,0.0632
221Rn,86,135,7701.3941,0.0259
221Fr,87,134,7703.2572,0.0221
221Ra,88,133,7701.1352,0.021
221Ac,89,132,7690.5039,0.2575
221Th,90,131,7676.064,0.0362
221Pa,91,130,7656.9809,0.2687
221U,92,129,7634.6849,0.3264
221Np,93,128,7607,1
221Pu,94,127,7576,1
222Bi,83,139,7648,1
222Po,84,138,7674.0054,0.1804
222At,85,137,7677.3878,0.0713
222Rn,86,136,7694.4991,0.0088
222Fr,87,135,7690.9474,0.0336
222Ra,88,134,7696.6931,0.0201
222Ac,89,133,7682.8015,0.0212
222Th,90,132,7676.6592,0.046
222Pa,91,131,7651.2373,0.3901
222U,92,130,7637.7651,0.2342
222Np,93,129,7602.7013,0.1714
222Pu,94,128,7582,1
223Bi,83,140,7636,2
223Po,84,139,7655,1
223At,85,138,7668.0557,0.0627
223Rn,86,137,7678.172,0.0351
223Fr,87,136,7683.6655,0.0087
223Ra,88,135,7685.3101,0.0094
223Ac,89,134,7679.1479,0.0312
223Th,90,133,7668.6426,0.0356
223Pa,91,132,7651.8957,0.3392
223U,92,131,7631.7611,0.2648
223Np,93,130,7607.5654,0.3716
223Pu,94,129,7580,1
223Am,95,128,7547,1
224Bi,83,141,7616,2
224Po,84,140,7644,1
224At,85,139,7650.7354,0.0998
224Rn,86,138,7670.7514,0.0438
224Fr,87,137,7670.368,0.0499
224Ra,88,136,7679.9236,0.0081
224Ac,89,135,7670.1438,0.0183
224Th,90,134,7667.7162,0.0429
224Pa,91,133,7646.9612,0.0339
224U,92,132,7635.0742,0.0681
224Np,93,131,7603.5032,0.1291
224Pu,94,130,7586,1
224Am,95,129,7546,2
225Po,84,141,7626,1
225At,85,140,7641,1
225Rn,86,139,7654.3581,0.0495
225Fr,87,138,7662.9412,0.0532
225Ra,88,137,7667.5866,0.0115
225Ac,89,136,7665.6906,0.0211
225Th,90,135,7659.2229,0.0226
225Pa,91,134,7646.6504,0.3639
225U,92,133,7629.7717,0.0442
225Np,93,132,7607.4231,0.4072
225Pu,94,131,7583,1
225Am,95,130,7553,2
226Po,84,142,7614,2
226At,85,141,7624,1
226Rn,86,140,7646.4108,0.0464
226Fr,87,139,7648.3768,0.0276
226Ra,88,138,7661.9636,0.0085
226Ac,89,137,7655.6628,0.0137
226Th,90,136,7657.1195,0.0198
226Pa,91,135,7641.1093,0.0496
226U,92,134,7631.9166,0.049
226Np,93,133,7604.1714,0.4516
226Pu,94,132,7588,1
226Am,95,131,7552,1
227Po,84,143,7596,2
227At,85,142,7613,1
227Rn,86,141,7630.0508,0.0621
227Fr,87,140,7640.7162,0.026
227Ra,88,139,7648.3048,0.0086
227Ac,89,138,7650.7084,0.0085
227Th,90,137,7647.4591,0.0092
227Pa,91,136,7639.4945,0.032
227U,92,135,7626.2918,0.0375
227Np,93,134,7607.2771,0.3392
227Pu,94,133,7585,
227Am,95,132,7558,1
228At,85,143,7596,2
228Rn,86,142,7621.6457,0.0775
228Fr,87,141,7626.3689,0.0295
228Ra,88,140,7642.4289,0.0088
228Ac,89,139,7639.1973,0.0092
228Th,90,138,7645.0807,0.0079
228Pa,91,137,7632.2076,0.019
228U,92,136,7627.4763,0.0591
228Np,93,135,7604,
228Pu,94,134,7590.4039,0.1024
228Am,95,133,7557,1
229At,85,144,7585,2
229Rn,86,143,7605.6227,0.0569
229Fr,87,142,7618.338,0.0218
229Ra,88,141,7628.4862,0.0674
229Ac,89,140,7633.2446,0.0529
229Th,90,139,7634.651,0.0105
229Pa,91,138,7629.8752,0.0143
229U,92,137,7620.7218,0.0259
229Np,93,136,7605.9921,0.4418
229Pu,94,135,7586.8834,0.2648
229Am,95,134,7562.5697,0.4644
230Rn,86,144,7595,1
230Fr,87,143,7603.7052,0.0284
230Ra,88,142,7621.9144,0.0448
230Ac,89,141,7621.4604,0.0689
230Th,90,140,7630.9974,0.0053
230Pa,91,139,7621.8958,0.0132
230U,92,138,7620.9227,0.0196
230Np,93,137,7601.7751,0.2392
230Pu,94,136,7591.0016,0.0628
230Am,95,135,7562,1
231Rn,86,145,7579,1
231Fr,87,144,7594.5009,0.0335
231Ra,88,143,7607.8418,0.0492
231Ac,89,142,7615.0768,0.0565
231Th,90,141,7620.1188,0.0053
231Pa,91,140,7618.4267,0.0077
231U,92,139,7613.3879,0.0116
231Np,93,138,7602.1321,0.2214
231Pu,94,137,7587.1224,0.0955
231Am,95,136,7566,1
231Cm,96,135,7542,1
232Fr,87,145,7579.3481,0.0602
232Ra,88,144,7600.0099,0.0394
232Ac,89,143,7602.4245,0.0562
232Th,90,142,7615.0338,0.0061
232Pa,91,141,7609.5072,0.033
232U,92,140,7611.8984,0.0078
232Np,93,139,7597,
232Pu,94,138,7588.9839,0.0728
232Am,95,137,7564,1
232Cm,96,136,7548,1
233Fr,87,146,7569.2398,0.084
233Ra,88,145,7585.5644,0.0369
233Ac,89,144,7595.1939,0.056
233Th,90,143,7602.8937,0.0061
233Pa,91,142,7604.8675,0.0057
233U,92,141,7603.9574,0.0097
233Np,93,140,7596.1816,0.2188
233Pu,94,139,7583.7968,0.2325
233Am,95,138,7567,
233Cm,96,137,7546.002,0.348
233Bk,97,136,7519,1
234Ra,88,146,7576.5439,0.0358
234Ac,89,145,7582.1297,0.0597
234Th,90,144,7596.8557,0.0111
234Pa,91,143,7594.6837,0.0175
234U,92,142,7600.716,0.0048
234Np,93,141,7589.6382,0.0359
234Pu,94,140,7584.6061,0.0291
234Am,95,139,7564,1
234Cm,96,138,7550.6868,0.073
234Bk,97,137,7519,1
235Ra,88,147,7561,1
235Ac,89,146,7573.5051,0.0595
235Th,90,145,7584.3862,0.0555
235Pa,91,144,7588.4139,0.0595
235U,92,143,7590.9151,0.0048
235Np,93,142,7587.0571,0.0059
235Pu,94,141,7578.8799,0.0873
235Am,95,140,7565.1582,0.2246
235Cm,96,139,7547,
235Bk,97,138,7524,2
236Ac,89,147,7559.2423,0.1618
236Th,90,146,7576.9688,0.0592
236Pa,91,145,7577.5573,0.0592
236U,92,144,7586.4854,0.0047
236Np,93,143,7579.2148,0.2136
236Pu,94,142,7577.9192,0.0077
236Am,95,141,7561,1
236Cm,96,140,7550.309,0.0747
236Bk,97,139,7523,2
237Ac,89,148,7550,2
237Th,90,147,7563.4433,0.0668
237Pa,91,146,7570.3847,0.055
237U,92,145,7576.1026,0.0051
237Np,93,144,7574.9895,0.0047
237Pu,94,143,7570.7599,0.0072
237Am,95,142,7561,
237Cm,96,141,7546.6241,0.3139
237Bk,97,140,7527,1
237Cf,98,139,7503.3507,0.4107
238Th,90,148,7555,1
238Pa,91,147,7558.3449,0.0665
238U,92,146,7570.1262,0.0063
238Np,93,145,7566.222,0.0048
238Pu,94,144,7568.3611,0.0048
238Am,95,143,7555.5853,0.2475
238Cm,96,142,7547.9966,0.0514
238Bk,97,141,7525,1
238Cf,98,140,7509,1
239Th,90,149,7540,2
239Pa,91,148,7550,1
239U,92,147,7558.5624,0.0063
239Np,93,146,7560.568,0.0055
239Pu,94,145,7560.3187,0.0047
239Am,95,144,7553.6891,0.0083
239Cm,96,143,7543.0659,0.6279
239Bk,97,142,7527,1
239Cf,98,141,7507,1
239Es,99,140,7481,1
240Pa,91,149,7537,1
240U,92,148,7551.7705,0.0106
240Np,93,147,7550.1743,0.071
240Pu,94,146,7556.0433,0.0046
240Am,95,145,7547.0136,0.0576
240Cm,96,144,7542.8617,0.0079
240Bk,97,143,7523,1
240Cf,98,142,7510.24,0.0751
240Es,99,141,7481,2
241Pa,91,150,7528,1
241U,92,149,7539,1
241Np,93,148,7544.0426,0.415
241Pu,94,147,7546.4395,0.0046
241Am,95,146,7543.2795,0.0046
241Cm,96,145,7536.8488,0.0067
241Bk,97,144,7524,1
241Cf,98,143,7507,1
241Es,99,142,7485,1
241Fm,100,141,7459,1
242U,92,150,7532,1
242Np,93,149,7533.4042,0.8265
242Pu,94,148,7541.3284,0.0052
242Am,95,147,7534.9917,0.0046
242Cm,96,146,7534.504,0.0047
242Bk,97,145,7519,1
242Cf,98,144,7509.0991,0.0533
242Es,99,143,7483,1
242Fm,100,142,7465,2
243U,92,151,7518,1
243Np,93,150,7526,
243Pu,94,149,7531.0087,0.0105
243Am,95,148,7530.1742,0.0057
243Cm,96,147,7526.9261,0.0062
243Bk,97,146,7517.5021,0.0186
243Cf,98,145,7505,1
243Es,99,144,7486,1
243Fm,100,143,7464,1
244Np,93,151,7514,
244Pu,94,150,7524.8154,0.0096
244Am,95,149,7521.3095,0.0061
244Cm,96,148,7523.9527,0.0045
244Bk,97,147,7511.4759,0.059
244Cf,98,146,7505.1373,0.0107
244Es,99,145,7483,1
244Fm,100,144,7468,1
244Md,101,143,7438,2
245Np,93,152,7506,1
245Pu,94,151,7513.2822,0.0556
245Am,95,150,7515.3043,0.0077
245Cm,96,149,7515.7677,0.0047
245Bk,97,148,7509.2714,0.0073
245Cf,98,147,7499.6644,0.0099
245Es,99,146,7485,1
245Fm,100,145,7465,1
245Md,101,144,7441,1
246Pu,94,152,7506.5401,0.0609
246Am,95,151,7505,
246Cm,96,150,7511.4716,0.0062
246Bk,97,149,7502.8035,0.244
246Cf,98,148,7499.122,0.0062
246Es,99,147,7480.7849,0.3655
246Fm,100,146,7467.9608,0.0556
246Md,101,145,7441,1
247Pu,94,153,7493,1
247Am,95,152,7499,
247Cm,96,151,7501.9318,0.0154
247Bk,97,150,7498.9408,0.021
247Cf,98,149,7493.2638,0.058
247Es,99,148,7480.1005,0.0787
247Fm,100,147,7464,1
247Md,101,146,7444,1
248Am,95,153,7487,1
248Cm,96,152,7496.7291,0.0095
248Bk,97,151,7490.5975,0.2018
248Cf,98,150,7491.044,0.0207
248Es,99,149,7476,
248Fm,100,148,7465.9451,0.0343
248Md,101,147,7442,1
248No,102,146,7424,1
249Am,95,154,7479,1
249Cm,96,153,7485.551,0.0095
249Bk,97,152,7486.041,0.005
249Cf,98,151,7483.3954,0.0048
249Es,99,150,7474,
249Fm,100,149,7461.8649,0.0249
249Md,101,148,7444.0169,0.6603
249No,102,147,7422,1
250Cm,96,154,7478.9385,0.0411
250Bk,97,153,7475.9594,0.0116
250Cf,98,152,7479.9567,0.0062
250Es,99,151,7469,
250Fm,100,150,7462.0905,0.0316
250Md,101,149,7441.6533,0.3637
250No,102,148,7426,1
251Cm,96,155,7466.7233,0.0904
251Bk,97,154,7469.2637,0.0428
251Cf,98,153,7470.5014,0.0155
251Es,99,152,7465.8842,0.0211
251Fm,100,151,7457.0013,0.0569
251Md,101,150,7441.9005,0.0754
251No,102,149,7423,1
251Lr,103,148,7400,1
252Cm,96,156,7460,1
252Bk,97,155,7459,1
252Cf,98,154,7465.3474,0.0094
252Es,99,153,7457.2428,0.1986
252Fm,100,152,7456.0351,0.0207
252Md,101,151,7438.4444,0.3622
252No,102,150,7425.7992,0.0369
252Lr,103,149,7400,1
253Bk,97,156,7451,1
253Cf,98,155,7454.8297,0.0168
253Es,99,154,7452.8879,0.0049
253Fm,100,153,7448.4712,0.0061
253Md,101,152,7438,
253No,102,151,7422.4719,0.0273
253Lr,103,150,7402.918,0.6503
253Rf,104,149,7380,2
254Bk,97,157,7440,1
254Cf,98,156,7449.2259,0.0451
254Es,99,155,7443.5759,0.0116
254Fm,100,154,7444.7936,0.0073
254Md,101,153,7432,
254No,102,152,7423.5909,0.038
254Lr,103,151,7401.1306,0.3595
254Rf,104,150,7384,1
255Cf,98,157,7438,1
255Es,99,156,7437.8216,0.0424
255Fm,100,155,7435.886,0.0154
255Md,101,154,7428.7333,0.0218
255No,102,153,7417.9403,0.0551
255Lr,103,152,7402.5767,0.0694
255Rf,104,151,7382,1
255Db,105,150,7359,1
256Cf,98,158,7432,1
256Es,99,157,7428,
256Fm,100,156,7431.7888,0.0118
256Md,101,155,7421,
256No,102,154,7416.5429,0.0295
256Lr,103,153,7398.1605,0.3238
256Rf,104,152,7385.4349,0.0697
256Db,105,151,7359,1
257Es,99,158,7422,2
257Fm,100,157,7422.1942,0.0169
257Md,101,156,7417.5845,0.0061
257No,102,155,7409.6587,0.0241
257Lr,103,154,7397,
257Rf,104,153,7381.7053,0.0421
257Db,105,152,7361.9767,0.6406
258Es,99,159,7412,2
258Fm,100,158,7418,1
258Md,101,157,7409.6615,0.0135
258No,102,156,7407,
258Lr,103,155,7392,
258Rf,104,154,7382.5257,0.0624
258Db,105,153,7359.4803,0.356
258Sg,106,152,7342,2
259Fm,100,159,7407,1
259Md,101,158,7405,
259No,102,157,7399.9714,0.0246
259Lr,103,156,7390,
259Rf,104,155,7377,
259Db,105,154,7360.3626,0.2189
259Sg,106,153,7340,1
260Fm,100,160,7402,2
260Md,101,159,7396,1
260No,102,158,7397,1
260Lr,103,157,7383,
260Rf,104,156,7377,1
260Db,105,155,7357,
260Sg,106,154,7342.5632,0.079
260Bh,107,153,7314,1
261Md,101,160,7391,2
261No,102,159,7388,1
261Lr,103,158,7381,1
261Rf,104,157,7371.3858,0.2516
261Db,105,156,7357,
261Sg,106,155,7339.771,0.0709
261Bh,107,154,7317.3313,0.6889
262Md,101,161,7382,2
262No,102,160,7385,1
262Lr,103,159,7374,1
262Rf,104,158,7370,1
262Db,105,157,7352,1
262Sg,106,156,7341.1736,0.0846
262Bh,107,155,7315.7331,0.3552
263No,102,161,7376,2
263Lr,103,160,7371,1
263Rf,104,159,7364,1
263Db,105,158,7352,1
263Sg,106,157,7337,
263Bh,107,156,7318,1
263Hs,108,155,7295,1
264No,102,162,7371,2
264Lr,103,161,7363,2
264Rf,104,160,7361,1
264Db,105,159,7346,1
264Sg,106,158,7338,1
264Bh,107,157,7315,1
264Hs,108,156,7298.3762,0.1094
265Lr,103,162,7359,2
265Rf,104,161,7354,1
265Db,105,160,7345,1
265Sg,106,159,7333,1
265Bh,107,158,7316,1
265Hs,108,157,7296.2474,0.0904
265Mt,109,156,7272,2
266Lr,103,163,7349,2
266Rf,104,162,7351,2
266Db,105,161,7339,1
266Sg,106,160,7332,1
266Bh,107,159,7313,1
266Hs,108,158,7298.2611,0.1019
266Mt,109,157,7270.7598,0.3627
267Rf,104,163,7342,2
267Db,105,162,7337,1
267Sg,106,161,7327,1
267Bh,107,160,7313,1
267Hs,108,159,7295,
267Mt,109,158,7273,2
267Ds,110,157,7248,1
268Rf,104,164,7337,2
268Db,105,163,7328,2
268Sg,106,162,7326,2
268Bh,107,161,7309,1
268Hs,108,160,7297,1
268Mt,109,159,7271,1
268Ds,110,158,7252,1
269Db,105,164,7323,2
269Sg,106,163,7318,1
269Bh,107,162,7309,1
269Hs,108,161,7294,
269Mt,109,160,7274,1
269Ds,110,159,7250.1551,0.1167
270Db,105,165,7314,2
270Sg,106,164,7314,2
270Bh,107,163,7301,1
270Hs,108,162,7295,1
270Mt,109,161,7271,1
270Ds,110,160,7253.7634,0.1455
271Sg,106,165,7305,2
271Bh,107,164,7298,1
271Hs,108,163,7288,1
271Mt,109,162,7273,1
271Ds,110,161,7252,
272Sg,106,166,7301,3
272Bh,107,165,7290,2
272Hs,108,164,7286,2
272Mt,109,163,7267,2
272Ds,110,162,7255,2
272Rg,111,161,7227,1
273Sg,106,167,7292,1
273Bh,107,166,7286,2
273Hs,108,165,7279,1
273Mt,109,164,7265,2
273Ds,110,163,7250,1
273Rg,111,162,7230,1
274Bh,107,167,7278,2
274Hs,108,166,7276,2
274Mt,109,165,7259,1
274Ds,110,164,7249,1
274Rg,111,163,7227,1
275Bh,107,168,7273,2
275Hs,108,167,7268,2
275Mt,109,166,7257,1
275Ds,110,165,7243,1
275Rg,111,164,7227,2
276Bh,107,169,7265,2
276Hs,108,168,7265,3
276Mt,109,167,7250,2
276Ds,110,166,7243,2
276Rg,111,165,7223,2
276Cn,112,164,7209,2
277Bh,107,170,7260,2
277Hs,108,169,7256,2
277Mt,109,168,7247,2
277Ds,110,167,7237,1
277Rg,111,166,7222,2
277Cn,112,165,7205,1
278Bh,107,171,7251,1
278Hs,108,170,7252,1
278Mt,109,169,7240,2
278Ds,110,168,7236,2
278Rg,111,167,7218,1
278Cn,112,166,7206,2
278Nh,113,165,7181,1
279Hs,108,171,7243,2
279Mt,109,170,7237,2
279Ds,110,169,7229,2
279Rg,111,168,7216,2
279Cn,112,167,7202,1
279Nh,113,166,7183,2
280Hs,108,172,7239,2
280Mt,109,171,7229,2
280Ds,110,170,7227,3
280Rg,111,169,7212,2
280Cn,112,168,7202,2
280Nh,113,167,7180,1
281Mt,109,172,7225,2
281Ds,110,171,7220,2
281Rg,111,170,7209,3
281Cn,112,169,7197,1
281Nh,113,168,7181,1
282Mt,109,173,7218,2
282Ds,110,172,7217,1
282Rg,111,171,7204,2
282Cn,112,170,7197,2
282Nh,113,169,7177,1
283Ds,110,173,7210,2
283Rg,111,172,7201,2
283Cn,112,171,7192,2
283Nh,113,170,7177,2
284Ds,110,174,7207,2
284Rg,111,173,7195,2
284Cn,112,172,7191,3
284Nh,113,171,7173,2
284Fl,114,170,7163,2
285Rg,111,174,7192,2
285Cn,112,173,7185,2
285Nh,113,172,7172,3
285Fl,114,171,7159,1
286Rg,111,175,7185,2
286Cn,112,174,7183,2
286Nh,113,173,7168,2
286Fl,114,172,7159,2
287Cn,112,175,7176,2
287Nh,113,174,7166,2
287Fl,114,173,7155,2
287Mc,115,172,7139,2
288Cn,112,176,7174,2
288Nh,113,175,7160,2
288Fl,114,174,7154,3
288Mc,115,173,7135,2
289Nh,113,176,7158,2
289Fl,114,175,7149,2
289Mc,115,174,7135,3
289Lv,116,173,7119,2
290Nh,113,177,7152,2
290Fl,114,176,7147,2
290Mc,115,175,7131,2
290Lv,116,174,7120,2
291Fl,114,177,7141,2
291Mc,115,176,7129,3
291Lv,116,175,7116,2
291Ts,117,174,7098,2
292Mc,115,177,7124,2
292Lv,116,176,7116,3
292Ts,117,175,7095,2
293Lv,116,177,7111,2
293Ts,117,176,7095,3
293Og,118,175,7078,2
294Ts,117,177,7092,2
294Og,118,176,7079,2
295Og,118,177,7076,2
